,model,enrich,p,target,seed
0,smiles-pe.atomwise.0,0.0,0.01,ESR1_ago,0.0
1,smiles-pe.atomwise.0,3.3309523809523807,0.1,ESR1_ago,0.0
2,smiles-pe.atomwise.0,0.0,0.01,ESR1_ago,1.0
3,smiles-pe.atomwise.0,3.3309523809523807,0.1,ESR1_ago,1.0
4,smiles-pe.atomwise.0,0.0,0.01,ESR1_ago,2.0
5,smiles-pe.atomwise.0,3.3309523809523807,0.1,ESR1_ago,2.0
6,smiles-pe.atomwise.0,0.0,0.01,ESR1_ago,3.0
7,smiles-pe.atomwise.0,3.3309523809523807,0.1,ESR1_ago,3.0
8,smiles-pe.atomwise.0,0.0,0.01,ESR1_ago,4.0
9,smiles-pe.atomwise.0,3.3309523809523807,0.1,ESR1_ago,4.0
10,smiles-pe.atomwise.0,0.0,0.01,ESR1_ago,5.0
11,smiles-pe.atomwise.0,3.3309523809523807,0.1,ESR1_ago,5.0
12,smiles-pe.atomwise.0,0.0,0.01,ESR1_ago,6.0
13,smiles-pe.atomwise.0,3.3309523809523807,0.1,ESR1_ago,6.0
14,smiles-pe.atomwise.0,0.0,0.01,ESR1_ago,7.0
15,smiles-pe.atomwise.0,3.3309523809523807,0.1,ESR1_ago,7.0
16,smiles-pe.atomwise.0,0.0,0.01,ESR1_ago,8.0
17,smiles-pe.atomwise.0,3.3309523809523807,0.1,ESR1_ago,8.0
18,smiles-pe.atomwise.0,0.0,0.01,ESR1_ago,9.0
19,smiles-pe.atomwise.0,3.3309523809523807,0.1,ESR1_ago,9.0
20,smiles-pe.atomwise.0,2.1725207620908646,0.01,FEN1,0.0
21,smiles-pe.atomwise.0,0.5434354913605591,0.1,FEN1,0.0
22,smiles-pe.atomwise.0,2.1725207620908646,0.01,FEN1,1.0
23,smiles-pe.atomwise.0,0.5434354913605591,0.1,FEN1,1.0
24,smiles-pe.atomwise.0,2.1725207620908646,0.01,FEN1,2.0
25,smiles-pe.atomwise.0,0.5434354913605591,0.1,FEN1,2.0
26,smiles-pe.atomwise.0,2.1725207620908646,0.01,FEN1,3.0
27,smiles-pe.atomwise.0,0.5434354913605591,0.1,FEN1,3.0
28,smiles-pe.atomwise.0,2.1725207620908646,0.01,FEN1,4.0
29,smiles-pe.atomwise.0,0.5434354913605591,0.1,FEN1,4.0
30,smiles-pe.atomwise.0,2.1725207620908646,0.01,FEN1,5.0
31,smiles-pe.atomwise.0,0.5434354913605591,0.1,FEN1,5.0
32,smiles-pe.atomwise.0,2.1725207620908646,0.01,FEN1,6.0
33,smiles-pe.atomwise.0,0.5434354913605591,0.1,FEN1,6.0
34,smiles-pe.atomwise.0,2.1725207620908646,0.01,FEN1,7.0
35,smiles-pe.atomwise.0,0.5434354913605591,0.1,FEN1,7.0
36,smiles-pe.atomwise.0,2.1725207620908646,0.01,FEN1,8.0
37,smiles-pe.atomwise.0,0.5434354913605591,0.1,FEN1,8.0
38,smiles-pe.atomwise.0,2.1725207620908646,0.01,FEN1,9.0
39,smiles-pe.atomwise.0,0.5434354913605591,0.1,FEN1,9.0
40,smiles-pe.atomwise.0,0.6693476977567886,0.01,ALDH1,0.0
41,smiles-pe.atomwise.0,0.8424946118568674,0.1,ALDH1,0.0
42,smiles-pe.atomwise.0,0.6693476977567886,0.01,ALDH1,1.0
43,smiles-pe.atomwise.0,0.8424946118568674,0.1,ALDH1,1.0
44,smiles-pe.atomwise.0,0.6693476977567886,0.01,ALDH1,2.0
45,smiles-pe.atomwise.0,0.8424946118568674,0.1,ALDH1,2.0
46,smiles-pe.atomwise.0,0.6693476977567886,0.01,ALDH1,3.0
47,smiles-pe.atomwise.0,0.8424946118568674,0.1,ALDH1,3.0
48,smiles-pe.atomwise.0,0.6693476977567886,0.01,ALDH1,4.0
49,smiles-pe.atomwise.0,0.8424946118568674,0.1,ALDH1,4.0
50,smiles-pe.atomwise.0,0.6693476977567886,0.01,ALDH1,5.0
51,smiles-pe.atomwise.0,0.8424946118568674,0.1,ALDH1,5.0
52,smiles-pe.atomwise.0,0.6693476977567886,0.01,ALDH1,6.0
53,smiles-pe.atomwise.0,0.8424946118568674,0.1,ALDH1,6.0
54,smiles-pe.atomwise.0,0.6693476977567886,0.01,ALDH1,7.0
55,smiles-pe.atomwise.0,0.8424946118568674,0.1,ALDH1,7.0
56,smiles-pe.atomwise.0,0.6693476977567886,0.01,ALDH1,8.0
57,smiles-pe.atomwise.0,0.8424946118568674,0.1,ALDH1,8.0
58,smiles-pe.atomwise.0,0.6693476977567886,0.01,ALDH1,9.0
59,smiles-pe.atomwise.0,0.8424946118568674,0.1,ALDH1,9.0
60,smiles-pe.atomwise.0,0.45232617781637396,0.01,VDR,0.0
61,smiles-pe.atomwise.0,0.9954527604756439,0.1,VDR,0.0
62,smiles-pe.atomwise.0,0.45232617781637396,0.01,VDR,1.0
63,smiles-pe.atomwise.0,0.9954527604756439,0.1,VDR,1.0
64,smiles-pe.atomwise.0,0.45232617781637396,0.01,VDR,2.0
65,smiles-pe.atomwise.0,0.9954527604756439,0.1,VDR,2.0
66,smiles-pe.atomwise.0,0.45232617781637396,0.01,VDR,3.0
67,smiles-pe.atomwise.0,0.9954527604756439,0.1,VDR,3.0
68,smiles-pe.atomwise.0,0.45232617781637396,0.01,VDR,4.0
69,smiles-pe.atomwise.0,0.9954527604756439,0.1,VDR,4.0
70,smiles-pe.atomwise.0,0.45232617781637396,0.01,VDR,5.0
71,smiles-pe.atomwise.0,0.9954527604756439,0.1,VDR,5.0
72,smiles-pe.atomwise.0,0.45232617781637396,0.01,VDR,6.0
73,smiles-pe.atomwise.0,0.9954527604756439,0.1,VDR,6.0
74,smiles-pe.atomwise.0,0.45232617781637396,0.01,VDR,7.0
75,smiles-pe.atomwise.0,0.9954527604756439,0.1,VDR,7.0
76,smiles-pe.atomwise.0,0.45232617781637396,0.01,VDR,8.0
77,smiles-pe.atomwise.0,0.9954527604756439,0.1,VDR,8.0
78,smiles-pe.atomwise.0,0.45232617781637396,0.01,VDR,9.0
79,smiles-pe.atomwise.0,0.9954527604756439,0.1,VDR,9.0
80,smiles-pe.atomwise.0,0.0,0.01,PPARG,0.0
81,smiles-pe.atomwise.0,1.4285714285714284,0.1,PPARG,0.0
82,smiles-pe.atomwise.0,0.0,0.01,PPARG,1.0
83,smiles-pe.atomwise.0,1.4285714285714284,0.1,PPARG,1.0
84,smiles-pe.atomwise.0,0.0,0.01,PPARG,2.0
85,smiles-pe.atomwise.0,1.4285714285714284,0.1,PPARG,2.0
86,smiles-pe.atomwise.0,0.0,0.01,PPARG,3.0
87,smiles-pe.atomwise.0,1.4285714285714284,0.1,PPARG,3.0
88,smiles-pe.atomwise.0,0.0,0.01,PPARG,4.0
89,smiles-pe.atomwise.0,1.4285714285714284,0.1,PPARG,4.0
90,smiles-pe.atomwise.0,0.0,0.01,PPARG,5.0
91,smiles-pe.atomwise.0,1.4285714285714284,0.1,PPARG,5.0
92,smiles-pe.atomwise.0,0.0,0.01,PPARG,6.0
93,smiles-pe.atomwise.0,1.4285714285714284,0.1,PPARG,6.0
94,smiles-pe.atomwise.0,0.0,0.01,PPARG,7.0
95,smiles-pe.atomwise.0,1.4285714285714284,0.1,PPARG,7.0
96,smiles-pe.atomwise.0,0.0,0.01,PPARG,8.0
97,smiles-pe.atomwise.0,1.4285714285714284,0.1,PPARG,8.0
98,smiles-pe.atomwise.0,0.0,0.01,PPARG,9.0
99,smiles-pe.atomwise.0,1.4285714285714284,0.1,PPARG,9.0
100,smiles-pe.atomwise.0,3.8800756205819495,0.01,MAPK1,0.0
101,smiles-pe.atomwise.0,0.7789732503836697,0.1,MAPK1,0.0
102,smiles-pe.atomwise.0,3.8800756205819495,0.01,MAPK1,1.0
103,smiles-pe.atomwise.0,0.7789732503836697,0.1,MAPK1,1.0
104,smiles-pe.atomwise.0,3.8800756205819495,0.01,MAPK1,2.0
105,smiles-pe.atomwise.0,0.7789732503836697,0.1,MAPK1,2.0
106,smiles-pe.atomwise.0,3.8800756205819495,0.01,MAPK1,3.0
107,smiles-pe.atomwise.0,0.7789732503836697,0.1,MAPK1,3.0
108,smiles-pe.atomwise.0,3.8800756205819495,0.01,MAPK1,4.0
109,smiles-pe.atomwise.0,0.7789732503836697,0.1,MAPK1,4.0
110,smiles-pe.atomwise.0,3.8800756205819495,0.01,MAPK1,5.0
111,smiles-pe.atomwise.0,0.7789732503836697,0.1,MAPK1,5.0
112,smiles-pe.atomwise.0,3.8800756205819495,0.01,MAPK1,6.0
113,smiles-pe.atomwise.0,0.7789732503836697,0.1,MAPK1,6.0
114,smiles-pe.atomwise.0,3.8800756205819495,0.01,MAPK1,7.0
115,smiles-pe.atomwise.0,0.7789732503836697,0.1,MAPK1,7.0
116,smiles-pe.atomwise.0,3.8800756205819495,0.01,MAPK1,8.0
117,smiles-pe.atomwise.0,0.7789732503836697,0.1,MAPK1,8.0
118,smiles-pe.atomwise.0,3.8800756205819495,0.01,MAPK1,9.0
119,smiles-pe.atomwise.0,0.7789732503836697,0.1,MAPK1,9.0
120,smiles-pe.atomwise.0,0.0,0.01,TP53,0.0
121,smiles-pe.atomwise.0,0.4962616822429907,0.1,TP53,0.0
122,smiles-pe.atomwise.0,0.0,0.01,TP53,1.0
123,smiles-pe.atomwise.0,0.4962616822429907,0.1,TP53,1.0
124,smiles-pe.atomwise.0,0.0,0.01,TP53,2.0
125,smiles-pe.atomwise.0,0.4962616822429907,0.1,TP53,2.0
126,smiles-pe.atomwise.0,0.0,0.01,TP53,3.0
127,smiles-pe.atomwise.0,0.4962616822429907,0.1,TP53,3.0
128,smiles-pe.atomwise.0,0.0,0.01,TP53,4.0
129,smiles-pe.atomwise.0,0.4962616822429907,0.1,TP53,4.0
130,smiles-pe.atomwise.0,0.0,0.01,TP53,5.0
131,smiles-pe.atomwise.0,0.4962616822429907,0.1,TP53,5.0
132,smiles-pe.atomwise.0,0.0,0.01,TP53,6.0
133,smiles-pe.atomwise.0,0.4962616822429907,0.1,TP53,6.0
134,smiles-pe.atomwise.0,0.0,0.01,TP53,7.0
135,smiles-pe.atomwise.0,0.4962616822429907,0.1,TP53,7.0
136,smiles-pe.atomwise.0,0.0,0.01,TP53,8.0
137,smiles-pe.atomwise.0,0.4962616822429907,0.1,TP53,8.0
138,smiles-pe.atomwise.0,0.0,0.01,TP53,9.0
139,smiles-pe.atomwise.0,0.4962616822429907,0.1,TP53,9.0
140,smiles-pe.atomwise.0,1.4579107024362499,0.01,PKM2,0.0
141,smiles-pe.atomwise.0,0.7299032775526088,0.1,PKM2,0.0
142,smiles-pe.atomwise.0,1.4579107024362499,0.01,PKM2,1.0
143,smiles-pe.atomwise.0,0.7299032775526088,0.1,PKM2,1.0
144,smiles-pe.atomwise.0,1.4579107024362499,0.01,PKM2,2.0
145,smiles-pe.atomwise.0,0.7299032775526088,0.1,PKM2,2.0
146,smiles-pe.atomwise.0,1.4579107024362499,0.01,PKM2,3.0
147,smiles-pe.atomwise.0,0.7299032775526088,0.1,PKM2,3.0
148,smiles-pe.atomwise.0,1.4579107024362499,0.01,PKM2,4.0
149,smiles-pe.atomwise.0,0.7299032775526088,0.1,PKM2,4.0
150,smiles-pe.atomwise.0,1.4579107024362499,0.01,PKM2,5.0
151,smiles-pe.atomwise.0,0.7299032775526088,0.1,PKM2,5.0
152,smiles-pe.atomwise.0,1.4579107024362499,0.01,PKM2,6.0
153,smiles-pe.atomwise.0,0.7299032775526088,0.1,PKM2,6.0
154,smiles-pe.atomwise.0,1.4579107024362499,0.01,PKM2,7.0
155,smiles-pe.atomwise.0,0.7299032775526088,0.1,PKM2,7.0
156,smiles-pe.atomwise.0,1.4579107024362499,0.01,PKM2,8.0
157,smiles-pe.atomwise.0,0.7299032775526088,0.1,PKM2,8.0
158,smiles-pe.atomwise.0,1.4579107024362499,0.01,PKM2,9.0
159,smiles-pe.atomwise.0,0.7299032775526088,0.1,PKM2,9.0
160,smiles-pe.atomwise.0,0.0,0.01,OPRK1,0.0
161,smiles-pe.atomwise.0,0.0,0.1,OPRK1,0.0
162,smiles-pe.atomwise.0,0.0,0.01,OPRK1,1.0
163,smiles-pe.atomwise.0,0.0,0.1,OPRK1,1.0
164,smiles-pe.atomwise.0,0.0,0.01,OPRK1,2.0
165,smiles-pe.atomwise.0,0.0,0.1,OPRK1,2.0
166,smiles-pe.atomwise.0,0.0,0.01,OPRK1,3.0
167,smiles-pe.atomwise.0,0.0,0.1,OPRK1,3.0
168,smiles-pe.atomwise.0,0.0,0.01,OPRK1,4.0
169,smiles-pe.atomwise.0,0.0,0.1,OPRK1,4.0
170,smiles-pe.atomwise.0,0.0,0.01,OPRK1,5.0
171,smiles-pe.atomwise.0,0.0,0.1,OPRK1,5.0
172,smiles-pe.atomwise.0,0.0,0.01,OPRK1,6.0
173,smiles-pe.atomwise.0,0.0,0.1,OPRK1,6.0
174,smiles-pe.atomwise.0,0.0,0.01,OPRK1,7.0
175,smiles-pe.atomwise.0,0.0,0.1,OPRK1,7.0
176,smiles-pe.atomwise.0,0.0,0.01,OPRK1,8.0
177,smiles-pe.atomwise.0,0.0,0.1,OPRK1,8.0
178,smiles-pe.atomwise.0,0.0,0.01,OPRK1,9.0
179,smiles-pe.atomwise.0,0.0,0.1,OPRK1,9.0
180,smiles-pe.atomwise.0,0.0,0.01,KAT2A,0.0
181,smiles-pe.atomwise.0,1.2244336202195065,0.1,KAT2A,0.0
182,smiles-pe.atomwise.0,0.0,0.01,KAT2A,1.0
183,smiles-pe.atomwise.0,1.2244336202195065,0.1,KAT2A,1.0
184,smiles-pe.atomwise.0,0.0,0.01,KAT2A,2.0
185,smiles-pe.atomwise.0,1.2244336202195065,0.1,KAT2A,2.0
186,smiles-pe.atomwise.0,0.0,0.01,KAT2A,3.0
187,smiles-pe.atomwise.0,1.2244336202195065,0.1,KAT2A,3.0
188,smiles-pe.atomwise.0,0.0,0.01,KAT2A,4.0
189,smiles-pe.atomwise.0,1.2244336202195065,0.1,KAT2A,4.0
190,smiles-pe.atomwise.0,0.0,0.01,KAT2A,5.0
191,smiles-pe.atomwise.0,1.2244336202195065,0.1,KAT2A,5.0
192,smiles-pe.atomwise.0,0.0,0.01,KAT2A,6.0
193,smiles-pe.atomwise.0,1.2244336202195065,0.1,KAT2A,6.0
194,smiles-pe.atomwise.0,0.0,0.01,KAT2A,7.0
195,smiles-pe.atomwise.0,1.2244336202195065,0.1,KAT2A,7.0
196,smiles-pe.atomwise.0,0.0,0.01,KAT2A,8.0
197,smiles-pe.atomwise.0,1.2244336202195065,0.1,KAT2A,8.0
198,smiles-pe.atomwise.0,0.0,0.01,KAT2A,9.0
199,smiles-pe.atomwise.0,1.2244336202195065,0.1,KAT2A,9.0
200,smiles-pe.atomwise.0,0.0,0.01,MTORC1,0.0
201,smiles-pe.atomwise.0,1.2496977025392986,0.1,MTORC1,0.0
202,smiles-pe.atomwise.0,0.0,0.01,MTORC1,1.0
203,smiles-pe.atomwise.0,1.2496977025392986,0.1,MTORC1,1.0
204,smiles-pe.atomwise.0,0.0,0.01,MTORC1,2.0
205,smiles-pe.atomwise.0,1.2496977025392986,0.1,MTORC1,2.0
206,smiles-pe.atomwise.0,0.0,0.01,MTORC1,3.0
207,smiles-pe.atomwise.0,1.2496977025392986,0.1,MTORC1,3.0
208,smiles-pe.atomwise.0,0.0,0.01,MTORC1,4.0
209,smiles-pe.atomwise.0,1.2496977025392986,0.1,MTORC1,4.0
210,smiles-pe.atomwise.0,0.0,0.01,MTORC1,5.0
211,smiles-pe.atomwise.0,1.2496977025392986,0.1,MTORC1,5.0
212,smiles-pe.atomwise.0,0.0,0.01,MTORC1,6.0
213,smiles-pe.atomwise.0,1.2496977025392986,0.1,MTORC1,6.0
214,smiles-pe.atomwise.0,0.0,0.01,MTORC1,7.0
215,smiles-pe.atomwise.0,1.2496977025392986,0.1,MTORC1,7.0
216,smiles-pe.atomwise.0,0.0,0.01,MTORC1,8.0
217,smiles-pe.atomwise.0,1.2496977025392986,0.1,MTORC1,8.0
218,smiles-pe.atomwise.0,0.0,0.01,MTORC1,9.0
219,smiles-pe.atomwise.0,1.2496977025392986,0.1,MTORC1,9.0
220,smiles-pe.atomwise.0,2.379506458453827,0.01,GBA,0.0
221,smiles-pe.atomwise.0,1.1903958180625747,0.1,GBA,0.0
222,smiles-pe.atomwise.0,2.379506458453827,0.01,GBA,1.0
223,smiles-pe.atomwise.0,1.1903958180625747,0.1,GBA,1.0
224,smiles-pe.atomwise.0,2.379506458453827,0.01,GBA,2.0
225,smiles-pe.atomwise.0,1.1903958180625747,0.1,GBA,2.0
226,smiles-pe.atomwise.0,2.379506458453827,0.01,GBA,3.0
227,smiles-pe.atomwise.0,1.1903958180625747,0.1,GBA,3.0
228,smiles-pe.atomwise.0,2.379506458453827,0.01,GBA,4.0
229,smiles-pe.atomwise.0,1.1903958180625747,0.1,GBA,4.0
230,smiles-pe.atomwise.0,2.379506458453827,0.01,GBA,5.0
231,smiles-pe.atomwise.0,1.1903958180625747,0.1,GBA,5.0
232,smiles-pe.atomwise.0,2.379506458453827,0.01,GBA,6.0
233,smiles-pe.atomwise.0,1.1903958180625747,0.1,GBA,6.0
234,smiles-pe.atomwise.0,2.379506458453827,0.01,GBA,7.0
235,smiles-pe.atomwise.0,1.1903958180625747,0.1,GBA,7.0
236,smiles-pe.atomwise.0,2.379506458453827,0.01,GBA,8.0
237,smiles-pe.atomwise.0,1.1903958180625747,0.1,GBA,8.0
238,smiles-pe.atomwise.0,2.379506458453827,0.01,GBA,9.0
239,smiles-pe.atomwise.0,1.1903958180625747,0.1,GBA,9.0
240,smiles-pe.atomwise.0,24.976023017902815,0.01,ADRB2,0.0
241,smiles-pe.atomwise.0,7.499520030718035,0.1,ADRB2,0.0
242,smiles-pe.atomwise.0,24.976023017902815,0.01,ADRB2,1.0
243,smiles-pe.atomwise.0,7.499520030718035,0.1,ADRB2,1.0
244,smiles-pe.atomwise.0,24.976023017902815,0.01,ADRB2,2.0
245,smiles-pe.atomwise.0,7.499520030718035,0.1,ADRB2,2.0
246,smiles-pe.atomwise.0,24.976023017902815,0.01,ADRB2,3.0
247,smiles-pe.atomwise.0,7.499520030718035,0.1,ADRB2,3.0
248,smiles-pe.atomwise.0,24.976023017902815,0.01,ADRB2,4.0
249,smiles-pe.atomwise.0,7.499520030718035,0.1,ADRB2,4.0
250,smiles-pe.atomwise.0,24.976023017902815,0.01,ADRB2,5.0
251,smiles-pe.atomwise.0,7.499520030718035,0.1,ADRB2,5.0
252,smiles-pe.atomwise.0,24.976023017902815,0.01,ADRB2,6.0
253,smiles-pe.atomwise.0,7.499520030718035,0.1,ADRB2,6.0
254,smiles-pe.atomwise.0,24.976023017902815,0.01,ADRB2,7.0
255,smiles-pe.atomwise.0,7.499520030718035,0.1,ADRB2,7.0
256,smiles-pe.atomwise.0,24.976023017902815,0.01,ADRB2,8.0
257,smiles-pe.atomwise.0,7.499520030718035,0.1,ADRB2,8.0
258,smiles-pe.atomwise.0,24.976023017902815,0.01,ADRB2,9.0
259,smiles-pe.atomwise.0,7.499520030718035,0.1,ADRB2,9.0
260,smiles-pe.atomwise.0,0.0,0.01,IDH1,0.0
261,smiles-pe.atomwise.0,0.0,0.1,IDH1,0.0
262,smiles-pe.atomwise.0,0.0,0.01,IDH1,1.0
263,smiles-pe.atomwise.0,0.0,0.1,IDH1,1.0
264,smiles-pe.atomwise.0,0.0,0.01,IDH1,2.0
265,smiles-pe.atomwise.0,0.0,0.1,IDH1,2.0
266,smiles-pe.atomwise.0,0.0,0.01,IDH1,3.0
267,smiles-pe.atomwise.0,0.0,0.1,IDH1,3.0
268,smiles-pe.atomwise.0,0.0,0.01,IDH1,4.0
269,smiles-pe.atomwise.0,0.0,0.1,IDH1,4.0
270,smiles-pe.atomwise.0,0.0,0.01,IDH1,5.0
271,smiles-pe.atomwise.0,0.0,0.1,IDH1,5.0
272,smiles-pe.atomwise.0,0.0,0.01,IDH1,6.0
273,smiles-pe.atomwise.0,0.0,0.1,IDH1,6.0
274,smiles-pe.atomwise.0,0.0,0.01,IDH1,7.0
275,smiles-pe.atomwise.0,0.0,0.1,IDH1,7.0
276,smiles-pe.atomwise.0,0.0,0.01,IDH1,8.0
277,smiles-pe.atomwise.0,0.0,0.1,IDH1,8.0
278,smiles-pe.atomwise.0,0.0,0.01,IDH1,9.0
279,smiles-pe.atomwise.0,0.0,0.1,IDH1,9.0
280,smiles-pe.atomwise.0,0.0,0.01,ESR1_ant,0.0
281,smiles-pe.atomwise.0,1.1474863718958208,0.1,ESR1_ant,0.0
282,smiles-pe.atomwise.0,0.0,0.01,ESR1_ant,1.0
283,smiles-pe.atomwise.0,1.1474863718958208,0.1,ESR1_ant,1.0
284,smiles-pe.atomwise.0,0.0,0.01,ESR1_ant,2.0
285,smiles-pe.atomwise.0,1.1474863718958208,0.1,ESR1_ant,2.0
286,smiles-pe.atomwise.0,0.0,0.01,ESR1_ant,3.0
287,smiles-pe.atomwise.0,1.1474863718958208,0.1,ESR1_ant,3.0
288,smiles-pe.atomwise.0,0.0,0.01,ESR1_ant,4.0
289,smiles-pe.atomwise.0,1.1474863718958208,0.1,ESR1_ant,4.0
290,smiles-pe.atomwise.0,0.0,0.01,ESR1_ant,5.0
291,smiles-pe.atomwise.0,1.1474863718958208,0.1,ESR1_ant,5.0
292,smiles-pe.atomwise.0,0.0,0.01,ESR1_ant,6.0
293,smiles-pe.atomwise.0,1.1474863718958208,0.1,ESR1_ant,6.0
294,smiles-pe.atomwise.0,0.0,0.01,ESR1_ant,7.0
295,smiles-pe.atomwise.0,1.1474863718958208,0.1,ESR1_ant,7.0
296,smiles-pe.atomwise.0,0.0,0.01,ESR1_ant,8.0
297,smiles-pe.atomwise.0,1.1474863718958208,0.1,ESR1_ant,8.0
298,smiles-pe.atomwise.0,0.0,0.01,ESR1_ant,9.0
299,smiles-pe.atomwise.0,1.1474863718958208,0.1,ESR1_ant,9.0
300,smiles-pe.bpe.0,0.0,0.01,OPRK1,0.0
301,smiles-pe.bpe.0,3.333333333333333,0.1,OPRK1,0.0
302,smiles-pe.bpe.0,0.0,0.01,OPRK1,1.0
303,smiles-pe.bpe.0,3.333333333333333,0.1,OPRK1,1.0
304,smiles-pe.bpe.0,0.0,0.01,OPRK1,2.0
305,smiles-pe.bpe.0,3.333333333333333,0.1,OPRK1,2.0
306,smiles-pe.bpe.0,0.0,0.01,OPRK1,3.0
307,smiles-pe.bpe.0,3.333333333333333,0.1,OPRK1,3.0
308,smiles-pe.bpe.0,0.0,0.01,OPRK1,4.0
309,smiles-pe.bpe.0,3.333333333333333,0.1,OPRK1,4.0
310,smiles-pe.bpe.0,0.0,0.01,OPRK1,5.0
311,smiles-pe.bpe.0,3.333333333333333,0.1,OPRK1,5.0
312,smiles-pe.bpe.0,0.0,0.01,OPRK1,6.0
313,smiles-pe.bpe.0,3.333333333333333,0.1,OPRK1,6.0
314,smiles-pe.bpe.0,0.0,0.01,OPRK1,7.0
315,smiles-pe.bpe.0,3.333333333333333,0.1,OPRK1,7.0
316,smiles-pe.bpe.0,0.0,0.01,OPRK1,8.0
317,smiles-pe.bpe.0,3.333333333333333,0.1,OPRK1,8.0
318,smiles-pe.bpe.0,0.0,0.01,OPRK1,9.0
319,smiles-pe.bpe.0,3.333333333333333,0.1,OPRK1,9.0
320,smiles-pe.bpe.0,3.7366863905325447,0.01,ESR1_ant,0.0
321,smiles-pe.bpe.0,0.7649909145972139,0.1,ESR1_ant,0.0
322,smiles-pe.bpe.0,3.7366863905325447,0.01,ESR1_ant,1.0
323,smiles-pe.bpe.0,0.7649909145972139,0.1,ESR1_ant,1.0
324,smiles-pe.bpe.0,3.7366863905325447,0.01,ESR1_ant,2.0
325,smiles-pe.bpe.0,0.7649909145972139,0.1,ESR1_ant,2.0
326,smiles-pe.bpe.0,3.7366863905325447,0.01,ESR1_ant,3.0
327,smiles-pe.bpe.0,0.7649909145972139,0.1,ESR1_ant,3.0
328,smiles-pe.bpe.0,3.7366863905325447,0.01,ESR1_ant,4.0
329,smiles-pe.bpe.0,0.7649909145972139,0.1,ESR1_ant,4.0
330,smiles-pe.bpe.0,3.7366863905325447,0.01,ESR1_ant,5.0
331,smiles-pe.bpe.0,0.7649909145972139,0.1,ESR1_ant,5.0
332,smiles-pe.bpe.0,3.7366863905325447,0.01,ESR1_ant,6.0
333,smiles-pe.bpe.0,0.7649909145972139,0.1,ESR1_ant,6.0
334,smiles-pe.bpe.0,3.7366863905325447,0.01,ESR1_ant,7.0
335,smiles-pe.bpe.0,0.7649909145972139,0.1,ESR1_ant,7.0
336,smiles-pe.bpe.0,3.7366863905325447,0.01,ESR1_ant,8.0
337,smiles-pe.bpe.0,0.7649909145972139,0.1,ESR1_ant,8.0
338,smiles-pe.bpe.0,3.7366863905325447,0.01,ESR1_ant,9.0
339,smiles-pe.bpe.0,0.7649909145972139,0.1,ESR1_ant,9.0
340,smiles-pe.bpe.0,24.976023017902815,0.01,ADRB2,0.0
341,smiles-pe.bpe.0,4.9996800204786895,0.1,ADRB2,0.0
342,smiles-pe.bpe.0,24.976023017902815,0.01,ADRB2,1.0
343,smiles-pe.bpe.0,4.9996800204786895,0.1,ADRB2,1.0
344,smiles-pe.bpe.0,24.976023017902815,0.01,ADRB2,2.0
345,smiles-pe.bpe.0,4.9996800204786895,0.1,ADRB2,2.0
346,smiles-pe.bpe.0,24.976023017902815,0.01,ADRB2,3.0
347,smiles-pe.bpe.0,4.9996800204786895,0.1,ADRB2,3.0
348,smiles-pe.bpe.0,24.976023017902815,0.01,ADRB2,4.0
349,smiles-pe.bpe.0,4.9996800204786895,0.1,ADRB2,4.0
350,smiles-pe.bpe.0,24.976023017902815,0.01,ADRB2,5.0
351,smiles-pe.bpe.0,4.9996800204786895,0.1,ADRB2,5.0
352,smiles-pe.bpe.0,24.976023017902815,0.01,ADRB2,6.0
353,smiles-pe.bpe.0,4.9996800204786895,0.1,ADRB2,6.0
354,smiles-pe.bpe.0,24.976023017902815,0.01,ADRB2,7.0
355,smiles-pe.bpe.0,4.9996800204786895,0.1,ADRB2,7.0
356,smiles-pe.bpe.0,24.976023017902815,0.01,ADRB2,8.0
357,smiles-pe.bpe.0,4.9996800204786895,0.1,ADRB2,8.0
358,smiles-pe.bpe.0,24.976023017902815,0.01,ADRB2,9.0
359,smiles-pe.bpe.0,4.9996800204786895,0.1,ADRB2,9.0
360,smiles-pe.bpe.0,0.0,0.01,IDH1,0.0
361,smiles-pe.bpe.0,0.9999116315033691,0.1,IDH1,0.0
362,smiles-pe.bpe.0,0.0,0.01,IDH1,1.0
363,smiles-pe.bpe.0,0.9999116315033691,0.1,IDH1,1.0
364,smiles-pe.bpe.0,0.0,0.01,IDH1,2.0
365,smiles-pe.bpe.0,0.9999116315033691,0.1,IDH1,2.0
366,smiles-pe.bpe.0,0.0,0.01,IDH1,3.0
367,smiles-pe.bpe.0,0.9999116315033691,0.1,IDH1,3.0
368,smiles-pe.bpe.0,0.0,0.01,IDH1,4.0
369,smiles-pe.bpe.0,0.9999116315033691,0.1,IDH1,4.0
370,smiles-pe.bpe.0,0.0,0.01,IDH1,5.0
371,smiles-pe.bpe.0,0.9999116315033691,0.1,IDH1,5.0
372,smiles-pe.bpe.0,0.0,0.01,IDH1,6.0
373,smiles-pe.bpe.0,0.9999116315033691,0.1,IDH1,6.0
374,smiles-pe.bpe.0,0.0,0.01,IDH1,7.0
375,smiles-pe.bpe.0,0.9999116315033691,0.1,IDH1,7.0
376,smiles-pe.bpe.0,0.0,0.01,IDH1,8.0
377,smiles-pe.bpe.0,0.9999116315033691,0.1,IDH1,8.0
378,smiles-pe.bpe.0,0.0,0.01,IDH1,9.0
379,smiles-pe.bpe.0,0.9999116315033691,0.1,IDH1,9.0
380,smiles-pe.bpe.0,0.0,0.01,KAT2A,0.0
381,smiles-pe.bpe.0,0.40814454007316886,0.1,KAT2A,0.0
382,smiles-pe.bpe.0,0.0,0.01,KAT2A,1.0
383,smiles-pe.bpe.0,0.40814454007316886,0.1,KAT2A,1.0
384,smiles-pe.bpe.0,0.0,0.01,KAT2A,2.0
385,smiles-pe.bpe.0,0.40814454007316886,0.1,KAT2A,2.0
386,smiles-pe.bpe.0,0.0,0.01,KAT2A,3.0
387,smiles-pe.bpe.0,0.40814454007316886,0.1,KAT2A,3.0
388,smiles-pe.bpe.0,0.0,0.01,KAT2A,4.0
389,smiles-pe.bpe.0,0.40814454007316886,0.1,KAT2A,4.0
390,smiles-pe.bpe.0,0.0,0.01,KAT2A,5.0
391,smiles-pe.bpe.0,0.40814454007316886,0.1,KAT2A,5.0
392,smiles-pe.bpe.0,0.0,0.01,KAT2A,6.0
393,smiles-pe.bpe.0,0.40814454007316886,0.1,KAT2A,6.0
394,smiles-pe.bpe.0,0.0,0.01,KAT2A,7.0
395,smiles-pe.bpe.0,0.40814454007316886,0.1,KAT2A,7.0
396,smiles-pe.bpe.0,0.0,0.01,KAT2A,8.0
397,smiles-pe.bpe.0,0.40814454007316886,0.1,KAT2A,8.0
398,smiles-pe.bpe.0,0.0,0.01,KAT2A,9.0
399,smiles-pe.bpe.0,0.40814454007316886,0.1,KAT2A,9.0
400,smiles-pe.bpe.0,4.827272727272728,0.01,TP53,0.0
401,smiles-pe.bpe.0,2.977570093457944,0.1,TP53,0.0
402,smiles-pe.bpe.0,4.827272727272728,0.01,TP53,1.0
403,smiles-pe.bpe.0,2.977570093457944,0.1,TP53,1.0
404,smiles-pe.bpe.0,4.827272727272728,0.01,TP53,2.0
405,smiles-pe.bpe.0,2.977570093457944,0.1,TP53,2.0
406,smiles-pe.bpe.0,4.827272727272728,0.01,TP53,3.0
407,smiles-pe.bpe.0,2.977570093457944,0.1,TP53,3.0
408,smiles-pe.bpe.0,4.827272727272728,0.01,TP53,4.0
409,smiles-pe.bpe.0,2.977570093457944,0.1,TP53,4.0
410,smiles-pe.bpe.0,4.827272727272728,0.01,TP53,5.0
411,smiles-pe.bpe.0,2.977570093457944,0.1,TP53,5.0
412,smiles-pe.bpe.0,4.827272727272728,0.01,TP53,6.0
413,smiles-pe.bpe.0,2.977570093457944,0.1,TP53,6.0
414,smiles-pe.bpe.0,4.827272727272728,0.01,TP53,7.0
415,smiles-pe.bpe.0,2.977570093457944,0.1,TP53,7.0
416,smiles-pe.bpe.0,4.827272727272728,0.01,TP53,8.0
417,smiles-pe.bpe.0,2.977570093457944,0.1,TP53,8.0
418,smiles-pe.bpe.0,4.827272727272728,0.01,TP53,9.0
419,smiles-pe.bpe.0,2.977570093457944,0.1,TP53,9.0
420,smiles-pe.bpe.0,0.0,0.01,ESR1_ago,0.0
421,smiles-pe.bpe.0,0.0,0.1,ESR1_ago,0.0
422,smiles-pe.bpe.0,0.0,0.01,ESR1_ago,1.0
423,smiles-pe.bpe.0,0.0,0.1,ESR1_ago,1.0
424,smiles-pe.bpe.0,0.0,0.01,ESR1_ago,2.0
425,smiles-pe.bpe.0,0.0,0.1,ESR1_ago,2.0
426,smiles-pe.bpe.0,0.0,0.01,ESR1_ago,3.0
427,smiles-pe.bpe.0,0.0,0.1,ESR1_ago,3.0
428,smiles-pe.bpe.0,0.0,0.01,ESR1_ago,4.0
429,smiles-pe.bpe.0,0.0,0.1,ESR1_ago,4.0
430,smiles-pe.bpe.0,0.0,0.01,ESR1_ago,5.0
431,smiles-pe.bpe.0,0.0,0.1,ESR1_ago,5.0
432,smiles-pe.bpe.0,0.0,0.01,ESR1_ago,6.0
433,smiles-pe.bpe.0,0.0,0.1,ESR1_ago,6.0
434,smiles-pe.bpe.0,0.0,0.01,ESR1_ago,7.0
435,smiles-pe.bpe.0,0.0,0.1,ESR1_ago,7.0
436,smiles-pe.bpe.0,0.0,0.01,ESR1_ago,8.0
437,smiles-pe.bpe.0,0.0,0.1,ESR1_ago,8.0
438,smiles-pe.bpe.0,0.0,0.01,ESR1_ago,9.0
439,smiles-pe.bpe.0,0.0,0.1,ESR1_ago,9.0
440,smiles-pe.bpe.0,1.0598005214482489,0.01,ALDH1,0.0
441,smiles-pe.bpe.0,0.8313357428256505,0.1,ALDH1,0.0
442,smiles-pe.bpe.0,1.0598005214482489,0.01,ALDH1,1.0
443,smiles-pe.bpe.0,0.8313357428256505,0.1,ALDH1,1.0
444,smiles-pe.bpe.0,1.0598005214482489,0.01,ALDH1,2.0
445,smiles-pe.bpe.0,0.8313357428256505,0.1,ALDH1,2.0
446,smiles-pe.bpe.0,1.0598005214482489,0.01,ALDH1,3.0
447,smiles-pe.bpe.0,0.8313357428256505,0.1,ALDH1,3.0
448,smiles-pe.bpe.0,1.0598005214482489,0.01,ALDH1,4.0
449,smiles-pe.bpe.0,0.8313357428256505,0.1,ALDH1,4.0
450,smiles-pe.bpe.0,1.0598005214482489,0.01,ALDH1,5.0
451,smiles-pe.bpe.0,0.8313357428256505,0.1,ALDH1,5.0
452,smiles-pe.bpe.0,1.0598005214482489,0.01,ALDH1,6.0
453,smiles-pe.bpe.0,0.8313357428256505,0.1,ALDH1,6.0
454,smiles-pe.bpe.0,1.0598005214482489,0.01,ALDH1,7.0
455,smiles-pe.bpe.0,0.8313357428256505,0.1,ALDH1,7.0
456,smiles-pe.bpe.0,1.0598005214482489,0.01,ALDH1,8.0
457,smiles-pe.bpe.0,0.8313357428256505,0.1,ALDH1,8.0
458,smiles-pe.bpe.0,1.0598005214482489,0.01,ALDH1,9.0
459,smiles-pe.bpe.0,0.8313357428256505,0.1,ALDH1,9.0
460,smiles-pe.bpe.0,0.0,0.01,GBA,0.0
461,smiles-pe.bpe.0,0.4761583272250299,0.1,GBA,0.0
462,smiles-pe.bpe.0,0.0,0.01,GBA,1.0
463,smiles-pe.bpe.0,0.4761583272250299,0.1,GBA,1.0
464,smiles-pe.bpe.0,0.0,0.01,GBA,2.0
465,smiles-pe.bpe.0,0.4761583272250299,0.1,GBA,2.0
466,smiles-pe.bpe.0,0.0,0.01,GBA,3.0
467,smiles-pe.bpe.0,0.4761583272250299,0.1,GBA,3.0
468,smiles-pe.bpe.0,0.0,0.01,GBA,4.0
469,smiles-pe.bpe.0,0.4761583272250299,0.1,GBA,4.0
470,smiles-pe.bpe.0,0.0,0.01,GBA,5.0
471,smiles-pe.bpe.0,0.4761583272250299,0.1,GBA,5.0
472,smiles-pe.bpe.0,0.0,0.01,GBA,6.0
473,smiles-pe.bpe.0,0.4761583272250299,0.1,GBA,6.0
474,smiles-pe.bpe.0,0.0,0.01,GBA,7.0
475,smiles-pe.bpe.0,0.4761583272250299,0.1,GBA,7.0
476,smiles-pe.bpe.0,0.0,0.01,GBA,8.0
477,smiles-pe.bpe.0,0.4761583272250299,0.1,GBA,8.0
478,smiles-pe.bpe.0,0.0,0.01,GBA,9.0
479,smiles-pe.bpe.0,0.4761583272250299,0.1,GBA,9.0
480,smiles-pe.bpe.0,0.0,0.01,MTORC1,0.0
481,smiles-pe.bpe.0,0.8331318016928657,0.1,MTORC1,0.0
482,smiles-pe.bpe.0,0.0,0.01,MTORC1,1.0
483,smiles-pe.bpe.0,0.8331318016928657,0.1,MTORC1,1.0
484,smiles-pe.bpe.0,0.0,0.01,MTORC1,2.0
485,smiles-pe.bpe.0,0.8331318016928657,0.1,MTORC1,2.0
486,smiles-pe.bpe.0,0.0,0.01,MTORC1,3.0
487,smiles-pe.bpe.0,0.8331318016928657,0.1,MTORC1,3.0
488,smiles-pe.bpe.0,0.0,0.01,MTORC1,4.0
489,smiles-pe.bpe.0,0.8331318016928657,0.1,MTORC1,4.0
490,smiles-pe.bpe.0,0.0,0.01,MTORC1,5.0
491,smiles-pe.bpe.0,0.8331318016928657,0.1,MTORC1,5.0
492,smiles-pe.bpe.0,0.0,0.01,MTORC1,6.0
493,smiles-pe.bpe.0,0.8331318016928657,0.1,MTORC1,6.0
494,smiles-pe.bpe.0,0.0,0.01,MTORC1,7.0
495,smiles-pe.bpe.0,0.8331318016928657,0.1,MTORC1,7.0
496,smiles-pe.bpe.0,0.0,0.01,MTORC1,8.0
497,smiles-pe.bpe.0,0.8331318016928657,0.1,MTORC1,8.0
498,smiles-pe.bpe.0,0.0,0.01,MTORC1,9.0
499,smiles-pe.bpe.0,0.8331318016928657,0.1,MTORC1,9.0
500,smiles-pe.bpe.0,1.2933585401939833,0.01,MAPK1,0.0
501,smiles-pe.bpe.0,1.4281176257033943,0.1,MAPK1,0.0
502,smiles-pe.bpe.0,1.2933585401939833,0.01,MAPK1,1.0
503,smiles-pe.bpe.0,1.4281176257033943,0.1,MAPK1,1.0
504,smiles-pe.bpe.0,1.2933585401939833,0.01,MAPK1,2.0
505,smiles-pe.bpe.0,1.4281176257033943,0.1,MAPK1,2.0
506,smiles-pe.bpe.0,1.2933585401939833,0.01,MAPK1,3.0
507,smiles-pe.bpe.0,1.4281176257033943,0.1,MAPK1,3.0
508,smiles-pe.bpe.0,1.2933585401939833,0.01,MAPK1,4.0
509,smiles-pe.bpe.0,1.4281176257033943,0.1,MAPK1,4.0
510,smiles-pe.bpe.0,1.2933585401939833,0.01,MAPK1,5.0
511,smiles-pe.bpe.0,1.4281176257033943,0.1,MAPK1,5.0
512,smiles-pe.bpe.0,1.2933585401939833,0.01,MAPK1,6.0
513,smiles-pe.bpe.0,1.4281176257033943,0.1,MAPK1,6.0
514,smiles-pe.bpe.0,1.2933585401939833,0.01,MAPK1,7.0
515,smiles-pe.bpe.0,1.4281176257033943,0.1,MAPK1,7.0
516,smiles-pe.bpe.0,1.2933585401939833,0.01,MAPK1,8.0
517,smiles-pe.bpe.0,1.4281176257033943,0.1,MAPK1,8.0
518,smiles-pe.bpe.0,1.2933585401939833,0.01,MAPK1,9.0
519,smiles-pe.bpe.0,1.4281176257033943,0.1,MAPK1,9.0
520,smiles-pe.bpe.0,0.0,0.01,VDR,0.0
521,smiles-pe.bpe.0,0.4072306747400362,0.1,VDR,0.0
522,smiles-pe.bpe.0,0.0,0.01,VDR,1.0
523,smiles-pe.bpe.0,0.4072306747400362,0.1,VDR,1.0
524,smiles-pe.bpe.0,0.0,0.01,VDR,2.0
525,smiles-pe.bpe.0,0.4072306747400362,0.1,VDR,2.0
526,smiles-pe.bpe.0,0.0,0.01,VDR,3.0
527,smiles-pe.bpe.0,0.4072306747400362,0.1,VDR,3.0
528,smiles-pe.bpe.0,0.0,0.01,VDR,4.0
529,smiles-pe.bpe.0,0.4072306747400362,0.1,VDR,4.0
530,smiles-pe.bpe.0,0.0,0.01,VDR,5.0
531,smiles-pe.bpe.0,0.4072306747400362,0.1,VDR,5.0
532,smiles-pe.bpe.0,0.0,0.01,VDR,6.0
533,smiles-pe.bpe.0,0.4072306747400362,0.1,VDR,6.0
534,smiles-pe.bpe.0,0.0,0.01,VDR,7.0
535,smiles-pe.bpe.0,0.4072306747400362,0.1,VDR,7.0
536,smiles-pe.bpe.0,0.0,0.01,VDR,8.0
537,smiles-pe.bpe.0,0.4072306747400362,0.1,VDR,8.0
538,smiles-pe.bpe.0,0.0,0.01,VDR,9.0
539,smiles-pe.bpe.0,0.4072306747400362,0.1,VDR,9.0
540,smiles-pe.bpe.0,1.4579107024362499,0.01,PKM2,0.0
541,smiles-pe.bpe.0,0.8758839330631306,0.1,PKM2,0.0
542,smiles-pe.bpe.0,1.4579107024362499,0.01,PKM2,1.0
543,smiles-pe.bpe.0,0.8758839330631306,0.1,PKM2,1.0
544,smiles-pe.bpe.0,1.4579107024362499,0.01,PKM2,2.0
545,smiles-pe.bpe.0,0.8758839330631306,0.1,PKM2,2.0
546,smiles-pe.bpe.0,1.4579107024362499,0.01,PKM2,3.0
547,smiles-pe.bpe.0,0.8758839330631306,0.1,PKM2,3.0
548,smiles-pe.bpe.0,1.4579107024362499,0.01,PKM2,4.0
549,smiles-pe.bpe.0,0.8758839330631306,0.1,PKM2,4.0
550,smiles-pe.bpe.0,1.4579107024362499,0.01,PKM2,5.0
551,smiles-pe.bpe.0,0.8758839330631306,0.1,PKM2,5.0
552,smiles-pe.bpe.0,1.4579107024362499,0.01,PKM2,6.0
553,smiles-pe.bpe.0,0.8758839330631306,0.1,PKM2,6.0
554,smiles-pe.bpe.0,1.4579107024362499,0.01,PKM2,7.0
555,smiles-pe.bpe.0,0.8758839330631306,0.1,PKM2,7.0
556,smiles-pe.bpe.0,1.4579107024362499,0.01,PKM2,8.0
557,smiles-pe.bpe.0,0.8758839330631306,0.1,PKM2,8.0
558,smiles-pe.bpe.0,1.4579107024362499,0.01,PKM2,9.0
559,smiles-pe.bpe.0,0.8758839330631306,0.1,PKM2,9.0
560,smiles-pe.bpe.0,0.0,0.01,PPARG,0.0
561,smiles-pe.bpe.0,0.0,0.1,PPARG,0.0
562,smiles-pe.bpe.0,0.0,0.01,PPARG,1.0
563,smiles-pe.bpe.0,0.0,0.1,PPARG,1.0
564,smiles-pe.bpe.0,0.0,0.01,PPARG,2.0
565,smiles-pe.bpe.0,0.0,0.1,PPARG,2.0
566,smiles-pe.bpe.0,0.0,0.01,PPARG,3.0
567,smiles-pe.bpe.0,0.0,0.1,PPARG,3.0
568,smiles-pe.bpe.0,0.0,0.01,PPARG,4.0
569,smiles-pe.bpe.0,0.0,0.1,PPARG,4.0
570,smiles-pe.bpe.0,0.0,0.01,PPARG,5.0
571,smiles-pe.bpe.0,0.0,0.1,PPARG,5.0
572,smiles-pe.bpe.0,0.0,0.01,PPARG,6.0
573,smiles-pe.bpe.0,0.0,0.1,PPARG,6.0
574,smiles-pe.bpe.0,0.0,0.01,PPARG,7.0
575,smiles-pe.bpe.0,0.0,0.1,PPARG,7.0
576,smiles-pe.bpe.0,0.0,0.01,PPARG,8.0
577,smiles-pe.bpe.0,0.0,0.1,PPARG,8.0
578,smiles-pe.bpe.0,0.0,0.01,PPARG,9.0
579,smiles-pe.bpe.0,0.0,0.1,PPARG,9.0
580,smiles-pe.bpe.0,0.0,0.01,FEN1,0.0
581,smiles-pe.bpe.0,0.32606129481633545,0.1,FEN1,0.0
582,smiles-pe.bpe.0,0.0,0.01,FEN1,1.0
583,smiles-pe.bpe.0,0.32606129481633545,0.1,FEN1,1.0
584,smiles-pe.bpe.0,0.0,0.01,FEN1,2.0
585,smiles-pe.bpe.0,0.32606129481633545,0.1,FEN1,2.0
586,smiles-pe.bpe.0,0.0,0.01,FEN1,3.0
587,smiles-pe.bpe.0,0.32606129481633545,0.1,FEN1,3.0
588,smiles-pe.bpe.0,0.0,0.01,FEN1,4.0
589,smiles-pe.bpe.0,0.32606129481633545,0.1,FEN1,4.0
590,smiles-pe.bpe.0,0.0,0.01,FEN1,5.0
591,smiles-pe.bpe.0,0.32606129481633545,0.1,FEN1,5.0
592,smiles-pe.bpe.0,0.0,0.01,FEN1,6.0
593,smiles-pe.bpe.0,0.32606129481633545,0.1,FEN1,6.0
594,smiles-pe.bpe.0,0.0,0.01,FEN1,7.0
595,smiles-pe.bpe.0,0.32606129481633545,0.1,FEN1,7.0
596,smiles-pe.bpe.0,0.0,0.01,FEN1,8.0
597,smiles-pe.bpe.0,0.32606129481633545,0.1,FEN1,8.0
598,smiles-pe.bpe.0,0.0,0.01,FEN1,9.0
599,smiles-pe.bpe.0,0.32606129481633545,0.1,FEN1,9.0
600,selfies.atomwise,0.7809056473829201,0.01,ALDH1,0.0
601,selfies.atomwise,1.0210365163563357,0.1,ALDH1,0.0
602,selfies.atomwise,0.7809056473829201,0.01,ALDH1,1.0
603,selfies.atomwise,1.0210365163563357,0.1,ALDH1,1.0
604,selfies.atomwise,0.7809056473829201,0.01,ALDH1,2.0
605,selfies.atomwise,1.0210365163563357,0.1,ALDH1,2.0
606,selfies.atomwise,0.7809056473829201,0.01,ALDH1,3.0
607,selfies.atomwise,1.0210365163563357,0.1,ALDH1,3.0
608,selfies.atomwise,0.7809056473829201,0.01,ALDH1,4.0
609,selfies.atomwise,1.0210365163563357,0.1,ALDH1,4.0
610,selfies.atomwise,0.7809056473829201,0.01,ALDH1,5.0
611,selfies.atomwise,1.0210365163563357,0.1,ALDH1,5.0
612,selfies.atomwise,0.7809056473829201,0.01,ALDH1,6.0
613,selfies.atomwise,1.0210365163563357,0.1,ALDH1,6.0
614,selfies.atomwise,0.7809056473829201,0.01,ALDH1,7.0
615,selfies.atomwise,1.0210365163563357,0.1,ALDH1,7.0
616,selfies.atomwise,0.7809056473829201,0.01,ALDH1,8.0
617,selfies.atomwise,1.0210365163563357,0.1,ALDH1,8.0
618,selfies.atomwise,0.7809056473829201,0.01,ALDH1,9.0
619,selfies.atomwise,1.0210365163563357,0.1,ALDH1,9.0
620,selfies.atomwise,0.0,0.01,TP53,0.0
621,selfies.atomwise,0.0,0.1,TP53,0.0
622,selfies.atomwise,0.0,0.01,TP53,1.0
623,selfies.atomwise,0.0,0.1,TP53,1.0
624,selfies.atomwise,0.0,0.01,TP53,2.0
625,selfies.atomwise,0.0,0.1,TP53,2.0
626,selfies.atomwise,0.0,0.01,TP53,3.0
627,selfies.atomwise,0.0,0.1,TP53,3.0
628,selfies.atomwise,0.0,0.01,TP53,4.0
629,selfies.atomwise,0.0,0.1,TP53,4.0
630,selfies.atomwise,0.0,0.01,TP53,5.0
631,selfies.atomwise,0.0,0.1,TP53,5.0
632,selfies.atomwise,0.0,0.01,TP53,6.0
633,selfies.atomwise,0.0,0.1,TP53,6.0
634,selfies.atomwise,0.0,0.01,TP53,7.0
635,selfies.atomwise,0.0,0.1,TP53,7.0
636,selfies.atomwise,0.0,0.01,TP53,8.0
637,selfies.atomwise,0.0,0.1,TP53,8.0
638,selfies.atomwise,0.0,0.01,TP53,9.0
639,selfies.atomwise,0.0,0.1,TP53,9.0
640,selfies.atomwise,0.0,0.01,OPRK1,0.0
641,selfies.atomwise,0.0,0.1,OPRK1,0.0
642,selfies.atomwise,0.0,0.01,OPRK1,1.0
643,selfies.atomwise,0.0,0.1,OPRK1,1.0
644,selfies.atomwise,0.0,0.01,OPRK1,2.0
645,selfies.atomwise,0.0,0.1,OPRK1,2.0
646,selfies.atomwise,0.0,0.01,OPRK1,3.0
647,selfies.atomwise,0.0,0.1,OPRK1,3.0
648,selfies.atomwise,0.0,0.01,OPRK1,4.0
649,selfies.atomwise,0.0,0.1,OPRK1,4.0
650,selfies.atomwise,0.0,0.01,OPRK1,5.0
651,selfies.atomwise,0.0,0.1,OPRK1,5.0
652,selfies.atomwise,0.0,0.01,OPRK1,6.0
653,selfies.atomwise,0.0,0.1,OPRK1,6.0
654,selfies.atomwise,0.0,0.01,OPRK1,7.0
655,selfies.atomwise,0.0,0.1,OPRK1,7.0
656,selfies.atomwise,0.0,0.01,OPRK1,8.0
657,selfies.atomwise,0.0,0.1,OPRK1,8.0
658,selfies.atomwise,0.0,0.01,OPRK1,9.0
659,selfies.atomwise,0.0,0.1,OPRK1,9.0
660,selfies.atomwise,0.0,0.01,IDH1,0.0
661,selfies.atomwise,0.9999116315033691,0.1,IDH1,0.0
662,selfies.atomwise,0.0,0.01,IDH1,1.0
663,selfies.atomwise,0.9999116315033691,0.1,IDH1,1.0
664,selfies.atomwise,0.0,0.01,IDH1,2.0
665,selfies.atomwise,0.9999116315033691,0.1,IDH1,2.0
666,selfies.atomwise,0.0,0.01,IDH1,3.0
667,selfies.atomwise,0.9999116315033691,0.1,IDH1,3.0
668,selfies.atomwise,0.0,0.01,IDH1,4.0
669,selfies.atomwise,0.9999116315033691,0.1,IDH1,4.0
670,selfies.atomwise,0.0,0.01,IDH1,5.0
671,selfies.atomwise,0.9999116315033691,0.1,IDH1,5.0
672,selfies.atomwise,0.0,0.01,IDH1,6.0
673,selfies.atomwise,0.9999116315033691,0.1,IDH1,6.0
674,selfies.atomwise,0.0,0.01,IDH1,7.0
675,selfies.atomwise,0.9999116315033691,0.1,IDH1,7.0
676,selfies.atomwise,0.0,0.01,IDH1,8.0
677,selfies.atomwise,0.9999116315033691,0.1,IDH1,8.0
678,selfies.atomwise,0.0,0.01,IDH1,9.0
679,selfies.atomwise,0.9999116315033691,0.1,IDH1,9.0
680,selfies.atomwise,0.0,0.01,GBA,0.0
681,selfies.atomwise,0.23807916361251494,0.1,GBA,0.0
682,selfies.atomwise,0.0,0.01,GBA,1.0
683,selfies.atomwise,0.23807916361251494,0.1,GBA,1.0
684,selfies.atomwise,0.0,0.01,GBA,2.0
685,selfies.atomwise,0.23807916361251494,0.1,GBA,2.0
686,selfies.atomwise,0.0,0.01,GBA,3.0
687,selfies.atomwise,0.23807916361251494,0.1,GBA,3.0
688,selfies.atomwise,0.0,0.01,GBA,4.0
689,selfies.atomwise,0.23807916361251494,0.1,GBA,4.0
690,selfies.atomwise,0.0,0.01,GBA,5.0
691,selfies.atomwise,0.23807916361251494,0.1,GBA,5.0
692,selfies.atomwise,0.0,0.01,GBA,6.0
693,selfies.atomwise,0.23807916361251494,0.1,GBA,6.0
694,selfies.atomwise,0.0,0.01,GBA,7.0
695,selfies.atomwise,0.23807916361251494,0.1,GBA,7.0
696,selfies.atomwise,0.0,0.01,GBA,8.0
697,selfies.atomwise,0.23807916361251494,0.1,GBA,8.0
698,selfies.atomwise,0.0,0.01,GBA,9.0
699,selfies.atomwise,0.23807916361251494,0.1,GBA,9.0
700,selfies.atomwise,2.5867170803879667,0.01,MAPK1,0.0
701,selfies.atomwise,1.4281176257033943,0.1,MAPK1,0.0
702,selfies.atomwise,2.5867170803879667,0.01,MAPK1,1.0
703,selfies.atomwise,1.4281176257033943,0.1,MAPK1,1.0
704,selfies.atomwise,2.5867170803879667,0.01,MAPK1,2.0
705,selfies.atomwise,1.4281176257033943,0.1,MAPK1,2.0
706,selfies.atomwise,2.5867170803879667,0.01,MAPK1,3.0
707,selfies.atomwise,1.4281176257033943,0.1,MAPK1,3.0
708,selfies.atomwise,2.5867170803879667,0.01,MAPK1,4.0
709,selfies.atomwise,1.4281176257033943,0.1,MAPK1,4.0
710,selfies.atomwise,2.5867170803879667,0.01,MAPK1,5.0
711,selfies.atomwise,1.4281176257033943,0.1,MAPK1,5.0
712,selfies.atomwise,2.5867170803879667,0.01,MAPK1,6.0
713,selfies.atomwise,1.4281176257033943,0.1,MAPK1,6.0
714,selfies.atomwise,2.5867170803879667,0.01,MAPK1,7.0
715,selfies.atomwise,1.4281176257033943,0.1,MAPK1,7.0
716,selfies.atomwise,2.5867170803879667,0.01,MAPK1,8.0
717,selfies.atomwise,1.4281176257033943,0.1,MAPK1,8.0
718,selfies.atomwise,2.5867170803879667,0.01,MAPK1,9.0
719,selfies.atomwise,1.4281176257033943,0.1,MAPK1,9.0
720,selfies.atomwise,0.0,0.01,KAT2A,0.0
721,selfies.atomwise,1.0203613501829223,0.1,KAT2A,0.0
722,selfies.atomwise,0.0,0.01,KAT2A,1.0
723,selfies.atomwise,1.0203613501829223,0.1,KAT2A,1.0
724,selfies.atomwise,0.0,0.01,KAT2A,2.0
725,selfies.atomwise,1.0203613501829223,0.1,KAT2A,2.0
726,selfies.atomwise,0.0,0.01,KAT2A,3.0
727,selfies.atomwise,1.0203613501829223,0.1,KAT2A,3.0
728,selfies.atomwise,0.0,0.01,KAT2A,4.0
729,selfies.atomwise,1.0203613501829223,0.1,KAT2A,4.0
730,selfies.atomwise,0.0,0.01,KAT2A,5.0
731,selfies.atomwise,1.0203613501829223,0.1,KAT2A,5.0
732,selfies.atomwise,0.0,0.01,KAT2A,6.0
733,selfies.atomwise,1.0203613501829223,0.1,KAT2A,6.0
734,selfies.atomwise,0.0,0.01,KAT2A,7.0
735,selfies.atomwise,1.0203613501829223,0.1,KAT2A,7.0
736,selfies.atomwise,0.0,0.01,KAT2A,8.0
737,selfies.atomwise,1.0203613501829223,0.1,KAT2A,8.0
738,selfies.atomwise,0.0,0.01,KAT2A,9.0
739,selfies.atomwise,1.0203613501829223,0.1,KAT2A,9.0
740,selfies.atomwise,0.0,0.01,ADRB2,0.0
741,selfies.atomwise,0.0,0.1,ADRB2,0.0
742,selfies.atomwise,0.0,0.01,ADRB2,1.0
743,selfies.atomwise,0.0,0.1,ADRB2,1.0
744,selfies.atomwise,0.0,0.01,ADRB2,2.0
745,selfies.atomwise,0.0,0.1,ADRB2,2.0
746,selfies.atomwise,0.0,0.01,ADRB2,3.0
747,selfies.atomwise,0.0,0.1,ADRB2,3.0
748,selfies.atomwise,0.0,0.01,ADRB2,4.0
749,selfies.atomwise,0.0,0.1,ADRB2,4.0
750,selfies.atomwise,0.0,0.01,ADRB2,5.0
751,selfies.atomwise,0.0,0.1,ADRB2,5.0
752,selfies.atomwise,0.0,0.01,ADRB2,6.0
753,selfies.atomwise,0.0,0.1,ADRB2,6.0
754,selfies.atomwise,0.0,0.01,ADRB2,7.0
755,selfies.atomwise,0.0,0.1,ADRB2,7.0
756,selfies.atomwise,0.0,0.01,ADRB2,8.0
757,selfies.atomwise,0.0,0.1,ADRB2,8.0
758,selfies.atomwise,0.0,0.01,ADRB2,9.0
759,selfies.atomwise,0.0,0.1,ADRB2,9.0
760,selfies.atomwise,0.45232617781637396,0.01,VDR,0.0
761,selfies.atomwise,1.1311963187223226,0.1,VDR,0.0
762,selfies.atomwise,0.45232617781637396,0.01,VDR,1.0
763,selfies.atomwise,1.1311963187223226,0.1,VDR,1.0
764,selfies.atomwise,0.45232617781637396,0.01,VDR,2.0
765,selfies.atomwise,1.1311963187223226,0.1,VDR,2.0
766,selfies.atomwise,0.45232617781637396,0.01,VDR,3.0
767,selfies.atomwise,1.1311963187223226,0.1,VDR,3.0
768,selfies.atomwise,0.45232617781637396,0.01,VDR,4.0
769,selfies.atomwise,1.1311963187223226,0.1,VDR,4.0
770,selfies.atomwise,0.45232617781637396,0.01,VDR,5.0
771,selfies.atomwise,1.1311963187223226,0.1,VDR,5.0
772,selfies.atomwise,0.45232617781637396,0.01,VDR,6.0
773,selfies.atomwise,1.1311963187223226,0.1,VDR,6.0
774,selfies.atomwise,0.45232617781637396,0.01,VDR,7.0
775,selfies.atomwise,1.1311963187223226,0.1,VDR,7.0
776,selfies.atomwise,0.45232617781637396,0.01,VDR,8.0
777,selfies.atomwise,1.1311963187223226,0.1,VDR,8.0
778,selfies.atomwise,0.45232617781637396,0.01,VDR,9.0
779,selfies.atomwise,1.1311963187223226,0.1,VDR,9.0
780,selfies.atomwise,4.150602409638553,0.01,MTORC1,0.0
781,selfies.atomwise,0.41656590084643286,0.1,MTORC1,0.0
782,selfies.atomwise,4.150602409638553,0.01,MTORC1,1.0
783,selfies.atomwise,0.41656590084643286,0.1,MTORC1,1.0
784,selfies.atomwise,4.150602409638553,0.01,MTORC1,2.0
785,selfies.atomwise,0.41656590084643286,0.1,MTORC1,2.0
786,selfies.atomwise,4.150602409638553,0.01,MTORC1,3.0
787,selfies.atomwise,0.41656590084643286,0.1,MTORC1,3.0
788,selfies.atomwise,4.150602409638553,0.01,MTORC1,4.0
789,selfies.atomwise,0.41656590084643286,0.1,MTORC1,4.0
790,selfies.atomwise,4.150602409638553,0.01,MTORC1,5.0
791,selfies.atomwise,0.41656590084643286,0.1,MTORC1,5.0
792,selfies.atomwise,4.150602409638553,0.01,MTORC1,6.0
793,selfies.atomwise,0.41656590084643286,0.1,MTORC1,6.0
794,selfies.atomwise,4.150602409638553,0.01,MTORC1,7.0
795,selfies.atomwise,0.41656590084643286,0.1,MTORC1,7.0
796,selfies.atomwise,4.150602409638553,0.01,MTORC1,8.0
797,selfies.atomwise,0.41656590084643286,0.1,MTORC1,8.0
798,selfies.atomwise,4.150602409638553,0.01,MTORC1,9.0
799,selfies.atomwise,0.41656590084643286,0.1,MTORC1,9.0
800,selfies.atomwise,2.9158214048724997,0.01,PKM2,0.0
801,selfies.atomwise,1.8977485216367829,0.1,PKM2,0.0
802,selfies.atomwise,2.9158214048724997,0.01,PKM2,1.0
803,selfies.atomwise,1.8977485216367829,0.1,PKM2,1.0
804,selfies.atomwise,2.9158214048724997,0.01,PKM2,2.0
805,selfies.atomwise,1.8977485216367829,0.1,PKM2,2.0
806,selfies.atomwise,2.9158214048724997,0.01,PKM2,3.0
807,selfies.atomwise,1.8977485216367829,0.1,PKM2,3.0
808,selfies.atomwise,2.9158214048724997,0.01,PKM2,4.0
809,selfies.atomwise,1.8977485216367829,0.1,PKM2,4.0
810,selfies.atomwise,2.9158214048724997,0.01,PKM2,5.0
811,selfies.atomwise,1.8977485216367829,0.1,PKM2,5.0
812,selfies.atomwise,2.9158214048724997,0.01,PKM2,6.0
813,selfies.atomwise,1.8977485216367829,0.1,PKM2,6.0
814,selfies.atomwise,2.9158214048724997,0.01,PKM2,7.0
815,selfies.atomwise,1.8977485216367829,0.1,PKM2,7.0
816,selfies.atomwise,2.9158214048724997,0.01,PKM2,8.0
817,selfies.atomwise,1.8977485216367829,0.1,PKM2,8.0
818,selfies.atomwise,2.9158214048724997,0.01,PKM2,9.0
819,selfies.atomwise,1.8977485216367829,0.1,PKM2,9.0
820,selfies.atomwise,0.0,0.01,ESR1_ago,0.0
821,selfies.atomwise,0.0,0.1,ESR1_ago,0.0
822,selfies.atomwise,0.0,0.01,ESR1_ago,1.0
823,selfies.atomwise,0.0,0.1,ESR1_ago,1.0
824,selfies.atomwise,0.0,0.01,ESR1_ago,2.0
825,selfies.atomwise,0.0,0.1,ESR1_ago,2.0
826,selfies.atomwise,0.0,0.01,ESR1_ago,3.0
827,selfies.atomwise,0.0,0.1,ESR1_ago,3.0
828,selfies.atomwise,0.0,0.01,ESR1_ago,4.0
829,selfies.atomwise,0.0,0.1,ESR1_ago,4.0
830,selfies.atomwise,0.0,0.01,ESR1_ago,5.0
831,selfies.atomwise,0.0,0.1,ESR1_ago,5.0
832,selfies.atomwise,0.0,0.01,ESR1_ago,6.0
833,selfies.atomwise,0.0,0.1,ESR1_ago,6.0
834,selfies.atomwise,0.0,0.01,ESR1_ago,7.0
835,selfies.atomwise,0.0,0.1,ESR1_ago,7.0
836,selfies.atomwise,0.0,0.01,ESR1_ago,8.0
837,selfies.atomwise,0.0,0.1,ESR1_ago,8.0
838,selfies.atomwise,0.0,0.01,ESR1_ago,9.0
839,selfies.atomwise,0.0,0.1,ESR1_ago,9.0
840,selfies.atomwise,0.0,0.01,PPARG,0.0
841,selfies.atomwise,0.0,0.1,PPARG,0.0
842,selfies.atomwise,0.0,0.01,PPARG,1.0
843,selfies.atomwise,0.0,0.1,PPARG,1.0
844,selfies.atomwise,0.0,0.01,PPARG,2.0
845,selfies.atomwise,0.0,0.1,PPARG,2.0
846,selfies.atomwise,0.0,0.01,PPARG,3.0
847,selfies.atomwise,0.0,0.1,PPARG,3.0
848,selfies.atomwise,0.0,0.01,PPARG,4.0
849,selfies.atomwise,0.0,0.1,PPARG,4.0
850,selfies.atomwise,0.0,0.01,PPARG,5.0
851,selfies.atomwise,0.0,0.1,PPARG,5.0
852,selfies.atomwise,0.0,0.01,PPARG,6.0
853,selfies.atomwise,0.0,0.1,PPARG,6.0
854,selfies.atomwise,0.0,0.01,PPARG,7.0
855,selfies.atomwise,0.0,0.1,PPARG,7.0
856,selfies.atomwise,0.0,0.01,PPARG,8.0
857,selfies.atomwise,0.0,0.1,PPARG,8.0
858,selfies.atomwise,0.0,0.01,PPARG,9.0
859,selfies.atomwise,0.0,0.1,PPARG,9.0
860,selfies.atomwise,3.7366863905325447,0.01,ESR1_ant,0.0
861,selfies.atomwise,0.7649909145972139,0.1,ESR1_ant,0.0
862,selfies.atomwise,3.7366863905325447,0.01,ESR1_ant,1.0
863,selfies.atomwise,0.7649909145972139,0.1,ESR1_ant,1.0
864,selfies.atomwise,3.7366863905325447,0.01,ESR1_ant,2.0
865,selfies.atomwise,0.7649909145972139,0.1,ESR1_ant,2.0
866,selfies.atomwise,3.7366863905325447,0.01,ESR1_ant,3.0
867,selfies.atomwise,0.7649909145972139,0.1,ESR1_ant,3.0
868,selfies.atomwise,3.7366863905325447,0.01,ESR1_ant,4.0
869,selfies.atomwise,0.7649909145972139,0.1,ESR1_ant,4.0
870,selfies.atomwise,3.7366863905325447,0.01,ESR1_ant,5.0
871,selfies.atomwise,0.7649909145972139,0.1,ESR1_ant,5.0
872,selfies.atomwise,3.7366863905325447,0.01,ESR1_ant,6.0
873,selfies.atomwise,0.7649909145972139,0.1,ESR1_ant,6.0
874,selfies.atomwise,3.7366863905325447,0.01,ESR1_ant,7.0
875,selfies.atomwise,0.7649909145972139,0.1,ESR1_ant,7.0
876,selfies.atomwise,3.7366863905325447,0.01,ESR1_ant,8.0
877,selfies.atomwise,0.7649909145972139,0.1,ESR1_ant,8.0
878,selfies.atomwise,3.7366863905325447,0.01,ESR1_ant,9.0
879,selfies.atomwise,0.7649909145972139,0.1,ESR1_ant,9.0
880,selfies.atomwise,3.258781143136297,0.01,FEN1,0.0
881,selfies.atomwise,1.847680670625901,0.1,FEN1,0.0
882,selfies.atomwise,3.258781143136297,0.01,FEN1,1.0
883,selfies.atomwise,1.847680670625901,0.1,FEN1,1.0
884,selfies.atomwise,3.258781143136297,0.01,FEN1,2.0
885,selfies.atomwise,1.847680670625901,0.1,FEN1,2.0
886,selfies.atomwise,3.258781143136297,0.01,FEN1,3.0
887,selfies.atomwise,1.847680670625901,0.1,FEN1,3.0
888,selfies.atomwise,3.258781143136297,0.01,FEN1,4.0
889,selfies.atomwise,1.847680670625901,0.1,FEN1,4.0
890,selfies.atomwise,3.258781143136297,0.01,FEN1,5.0
891,selfies.atomwise,1.847680670625901,0.1,FEN1,5.0
892,selfies.atomwise,3.258781143136297,0.01,FEN1,6.0
893,selfies.atomwise,1.847680670625901,0.1,FEN1,6.0
894,selfies.atomwise,3.258781143136297,0.01,FEN1,7.0
895,selfies.atomwise,1.847680670625901,0.1,FEN1,7.0
896,selfies.atomwise,3.258781143136297,0.01,FEN1,8.0
897,selfies.atomwise,1.847680670625901,0.1,FEN1,8.0
898,selfies.atomwise,3.258781143136297,0.01,FEN1,9.0
899,selfies.atomwise,1.847680670625901,0.1,FEN1,9.0
900,ecfp,0.6693476977567886,0.01,ALDH1,0.0
901,ecfp,0.853653480888084,0.1,ALDH1,0.0
902,ecfp,0.6693476977567886,0.01,ALDH1,1.0
903,ecfp,0.853653480888084,0.1,ALDH1,1.0
904,ecfp,0.6693476977567886,0.01,ALDH1,2.0
905,ecfp,0.853653480888084,0.1,ALDH1,2.0
906,ecfp,0.6693476977567886,0.01,ALDH1,3.0
907,ecfp,0.853653480888084,0.1,ALDH1,3.0
908,ecfp,0.6693476977567886,0.01,ALDH1,4.0
909,ecfp,0.853653480888084,0.1,ALDH1,4.0
910,ecfp,0.6693476977567886,0.01,ALDH1,5.0
911,ecfp,0.853653480888084,0.1,ALDH1,5.0
912,ecfp,0.6693476977567886,0.01,ALDH1,6.0
913,ecfp,0.853653480888084,0.1,ALDH1,6.0
914,ecfp,0.6693476977567886,0.01,ALDH1,7.0
915,ecfp,0.853653480888084,0.1,ALDH1,7.0
916,ecfp,0.6693476977567886,0.01,ALDH1,8.0
917,ecfp,0.853653480888084,0.1,ALDH1,8.0
918,ecfp,0.6693476977567886,0.01,ALDH1,9.0
919,ecfp,0.853653480888084,0.1,ALDH1,9.0
920,ecfp,2.379506458453827,0.01,GBA,0.0
921,ecfp,1.4284749816750897,0.1,GBA,0.0
922,ecfp,2.379506458453827,0.01,GBA,1.0
923,ecfp,1.4284749816750897,0.1,GBA,1.0
924,ecfp,2.379506458453827,0.01,GBA,2.0
925,ecfp,1.4284749816750897,0.1,GBA,2.0
926,ecfp,2.379506458453827,0.01,GBA,3.0
927,ecfp,1.4284749816750897,0.1,GBA,3.0
928,ecfp,2.379506458453827,0.01,GBA,4.0
929,ecfp,1.4284749816750897,0.1,GBA,4.0
930,ecfp,2.379506458453827,0.01,GBA,5.0
931,ecfp,1.4284749816750897,0.1,GBA,5.0
932,ecfp,2.379506458453827,0.01,GBA,6.0
933,ecfp,1.4284749816750897,0.1,GBA,6.0
934,ecfp,2.379506458453827,0.01,GBA,7.0
935,ecfp,1.4284749816750897,0.1,GBA,7.0
936,ecfp,2.379506458453827,0.01,GBA,8.0
937,ecfp,1.4284749816750897,0.1,GBA,8.0
938,ecfp,2.379506458453827,0.01,GBA,9.0
939,ecfp,1.4284749816750897,0.1,GBA,9.0
940,ecfp,0.0,0.01,ESR1_ago,0.0
941,ecfp,3.3309523809523807,0.1,ESR1_ago,0.0
942,ecfp,0.0,0.01,ESR1_ago,1.0
943,ecfp,3.3309523809523807,0.1,ESR1_ago,1.0
944,ecfp,0.0,0.01,ESR1_ago,2.0
945,ecfp,3.3309523809523807,0.1,ESR1_ago,2.0
946,ecfp,0.0,0.01,ESR1_ago,3.0
947,ecfp,3.3309523809523807,0.1,ESR1_ago,3.0
948,ecfp,0.0,0.01,ESR1_ago,4.0
949,ecfp,3.3309523809523807,0.1,ESR1_ago,4.0
950,ecfp,0.0,0.01,ESR1_ago,5.0
951,ecfp,3.3309523809523807,0.1,ESR1_ago,5.0
952,ecfp,0.0,0.01,ESR1_ago,6.0
953,ecfp,3.3309523809523807,0.1,ESR1_ago,6.0
954,ecfp,0.0,0.01,ESR1_ago,7.0
955,ecfp,3.3309523809523807,0.1,ESR1_ago,7.0
956,ecfp,0.0,0.01,ESR1_ago,8.0
957,ecfp,3.3309523809523807,0.1,ESR1_ago,8.0
958,ecfp,0.0,0.01,ESR1_ago,9.0
959,ecfp,3.3309523809523807,0.1,ESR1_ago,9.0
960,ecfp,0.45232617781637396,0.01,VDR,0.0
961,ecfp,0.49772638023782195,0.1,VDR,0.0
962,ecfp,0.45232617781637396,0.01,VDR,1.0
963,ecfp,0.49772638023782195,0.1,VDR,1.0
964,ecfp,0.45232617781637396,0.01,VDR,2.0
965,ecfp,0.49772638023782195,0.1,VDR,2.0
966,ecfp,0.45232617781637396,0.01,VDR,3.0
967,ecfp,0.49772638023782195,0.1,VDR,3.0
968,ecfp,0.45232617781637396,0.01,VDR,4.0
969,ecfp,0.49772638023782195,0.1,VDR,4.0
970,ecfp,0.45232617781637396,0.01,VDR,5.0
971,ecfp,0.49772638023782195,0.1,VDR,5.0
972,ecfp,0.45232617781637396,0.01,VDR,6.0
973,ecfp,0.49772638023782195,0.1,VDR,6.0
974,ecfp,0.45232617781637396,0.01,VDR,7.0
975,ecfp,0.49772638023782195,0.1,VDR,7.0
976,ecfp,0.45232617781637396,0.01,VDR,8.0
977,ecfp,0.49772638023782195,0.1,VDR,8.0
978,ecfp,0.45232617781637396,0.01,VDR,9.0
979,ecfp,0.49772638023782195,0.1,VDR,9.0
980,ecfp,2.186866053654375,0.01,PKM2,0.0
981,ecfp,1.0948549163289132,0.1,PKM2,0.0
982,ecfp,2.186866053654375,0.01,PKM2,1.0
983,ecfp,1.0948549163289132,0.1,PKM2,1.0
984,ecfp,2.186866053654375,0.01,PKM2,2.0
985,ecfp,1.0948549163289132,0.1,PKM2,2.0
986,ecfp,2.186866053654375,0.01,PKM2,3.0
987,ecfp,1.0948549163289132,0.1,PKM2,3.0
988,ecfp,2.186866053654375,0.01,PKM2,4.0
989,ecfp,1.0948549163289132,0.1,PKM2,4.0
990,ecfp,2.186866053654375,0.01,PKM2,5.0
991,ecfp,1.0948549163289132,0.1,PKM2,5.0
992,ecfp,2.186866053654375,0.01,PKM2,6.0
993,ecfp,1.0948549163289132,0.1,PKM2,6.0
994,ecfp,2.186866053654375,0.01,PKM2,7.0
995,ecfp,1.0948549163289132,0.1,PKM2,7.0
996,ecfp,2.186866053654375,0.01,PKM2,8.0
997,ecfp,1.0948549163289132,0.1,PKM2,8.0
998,ecfp,2.186866053654375,0.01,PKM2,9.0
999,ecfp,1.0948549163289132,0.1,PKM2,9.0
1000,ecfp,1.2933585401939833,0.01,MAPK1,0.0
1001,ecfp,2.207090876087064,0.1,MAPK1,0.0
1002,ecfp,1.2933585401939833,0.01,MAPK1,1.0
1003,ecfp,2.207090876087064,0.1,MAPK1,1.0
1004,ecfp,1.2933585401939833,0.01,MAPK1,2.0
1005,ecfp,2.207090876087064,0.1,MAPK1,2.0
1006,ecfp,1.2933585401939833,0.01,MAPK1,3.0
1007,ecfp,2.207090876087064,0.1,MAPK1,3.0
1008,ecfp,1.2933585401939833,0.01,MAPK1,4.0
1009,ecfp,2.207090876087064,0.1,MAPK1,4.0
1010,ecfp,1.2933585401939833,0.01,MAPK1,5.0
1011,ecfp,2.207090876087064,0.1,MAPK1,5.0
1012,ecfp,1.2933585401939833,0.01,MAPK1,6.0
1013,ecfp,2.207090876087064,0.1,MAPK1,6.0
1014,ecfp,1.2933585401939833,0.01,MAPK1,7.0
1015,ecfp,2.207090876087064,0.1,MAPK1,7.0
1016,ecfp,1.2933585401939833,0.01,MAPK1,8.0
1017,ecfp,2.207090876087064,0.1,MAPK1,8.0
1018,ecfp,1.2933585401939833,0.01,MAPK1,9.0
1019,ecfp,2.207090876087064,0.1,MAPK1,9.0
1020,ecfp,1.0862603810454323,0.01,FEN1,0.0
1021,ecfp,1.7389935723537893,0.1,FEN1,0.0
1022,ecfp,1.0862603810454323,0.01,FEN1,1.0
1023,ecfp,1.7389935723537893,0.1,FEN1,1.0
1024,ecfp,1.0862603810454323,0.01,FEN1,2.0
1025,ecfp,1.7389935723537893,0.1,FEN1,2.0
1026,ecfp,1.0862603810454323,0.01,FEN1,3.0
1027,ecfp,1.7389935723537893,0.1,FEN1,3.0
1028,ecfp,1.0862603810454323,0.01,FEN1,4.0
1029,ecfp,1.7389935723537893,0.1,FEN1,4.0
1030,ecfp,1.0862603810454323,0.01,FEN1,5.0
1031,ecfp,1.7389935723537893,0.1,FEN1,5.0
1032,ecfp,1.0862603810454323,0.01,FEN1,6.0
1033,ecfp,1.7389935723537893,0.1,FEN1,6.0
1034,ecfp,1.0862603810454323,0.01,FEN1,7.0
1035,ecfp,1.7389935723537893,0.1,FEN1,7.0
1036,ecfp,1.0862603810454323,0.01,FEN1,8.0
1037,ecfp,1.7389935723537893,0.1,FEN1,8.0
1038,ecfp,1.0862603810454323,0.01,FEN1,9.0
1039,ecfp,1.7389935723537893,0.1,FEN1,9.0
1040,ecfp,26.734693877551017,0.01,PPARG,0.0
1041,ecfp,5.7142857142857135,0.1,PPARG,0.0
1042,ecfp,26.734693877551017,0.01,PPARG,1.0
1043,ecfp,5.7142857142857135,0.1,PPARG,1.0
1044,ecfp,26.734693877551017,0.01,PPARG,2.0
1045,ecfp,5.7142857142857135,0.1,PPARG,2.0
1046,ecfp,26.734693877551017,0.01,PPARG,3.0
1047,ecfp,5.7142857142857135,0.1,PPARG,3.0
1048,ecfp,26.734693877551017,0.01,PPARG,4.0
1049,ecfp,5.7142857142857135,0.1,PPARG,4.0
1050,ecfp,26.734693877551017,0.01,PPARG,5.0
1051,ecfp,5.7142857142857135,0.1,PPARG,5.0
1052,ecfp,26.734693877551017,0.01,PPARG,6.0
1053,ecfp,5.7142857142857135,0.1,PPARG,6.0
1054,ecfp,26.734693877551017,0.01,PPARG,7.0
1055,ecfp,5.7142857142857135,0.1,PPARG,7.0
1056,ecfp,26.734693877551017,0.01,PPARG,8.0
1057,ecfp,5.7142857142857135,0.1,PPARG,8.0
1058,ecfp,26.734693877551017,0.01,PPARG,9.0
1059,ecfp,5.7142857142857135,0.1,PPARG,9.0
1060,ecfp,8.301204819277107,0.01,MTORC1,0.0
1061,ecfp,3.332527206771463,0.1,MTORC1,0.0
1062,ecfp,8.301204819277107,0.01,MTORC1,1.0
1063,ecfp,3.332527206771463,0.1,MTORC1,1.0
1064,ecfp,8.301204819277107,0.01,MTORC1,2.0
1065,ecfp,3.332527206771463,0.1,MTORC1,2.0
1066,ecfp,8.301204819277107,0.01,MTORC1,3.0
1067,ecfp,3.332527206771463,0.1,MTORC1,3.0
1068,ecfp,8.301204819277107,0.01,MTORC1,4.0
1069,ecfp,3.332527206771463,0.1,MTORC1,4.0
1070,ecfp,8.301204819277107,0.01,MTORC1,5.0
1071,ecfp,3.332527206771463,0.1,MTORC1,5.0
1072,ecfp,8.301204819277107,0.01,MTORC1,6.0
1073,ecfp,3.332527206771463,0.1,MTORC1,6.0
1074,ecfp,8.301204819277107,0.01,MTORC1,7.0
1075,ecfp,3.332527206771463,0.1,MTORC1,7.0
1076,ecfp,8.301204819277107,0.01,MTORC1,8.0
1077,ecfp,3.332527206771463,0.1,MTORC1,8.0
1078,ecfp,8.301204819277107,0.01,MTORC1,9.0
1079,ecfp,3.332527206771463,0.1,MTORC1,9.0
1080,ecfp,7.473372781065089,0.01,ESR1_ant,0.0
1081,ecfp,2.677468201090248,0.1,ESR1_ant,0.0
1082,ecfp,7.473372781065089,0.01,ESR1_ant,1.0
1083,ecfp,2.677468201090248,0.1,ESR1_ant,1.0
1084,ecfp,7.473372781065089,0.01,ESR1_ant,2.0
1085,ecfp,2.677468201090248,0.1,ESR1_ant,2.0
1086,ecfp,7.473372781065089,0.01,ESR1_ant,3.0
1087,ecfp,2.677468201090248,0.1,ESR1_ant,3.0
1088,ecfp,7.473372781065089,0.01,ESR1_ant,4.0
1089,ecfp,2.677468201090248,0.1,ESR1_ant,4.0
1090,ecfp,7.473372781065089,0.01,ESR1_ant,5.0
1091,ecfp,2.677468201090248,0.1,ESR1_ant,5.0
1092,ecfp,7.473372781065089,0.01,ESR1_ant,6.0
1093,ecfp,2.677468201090248,0.1,ESR1_ant,6.0
1094,ecfp,7.473372781065089,0.01,ESR1_ant,7.0
1095,ecfp,2.677468201090248,0.1,ESR1_ant,7.0
1096,ecfp,7.473372781065089,0.01,ESR1_ant,8.0
1097,ecfp,2.677468201090248,0.1,ESR1_ant,8.0
1098,ecfp,7.473372781065089,0.01,ESR1_ant,9.0
1099,ecfp,2.677468201090248,0.1,ESR1_ant,9.0
1100,ecfp,0.0,0.01,OPRK1,0.0
1101,ecfp,1.6666666666666665,0.1,OPRK1,0.0
1102,ecfp,0.0,0.01,OPRK1,1.0
1103,ecfp,1.6666666666666665,0.1,OPRK1,1.0
1104,ecfp,0.0,0.01,OPRK1,2.0
1105,ecfp,1.6666666666666665,0.1,OPRK1,2.0
1106,ecfp,0.0,0.01,OPRK1,3.0
1107,ecfp,1.6666666666666665,0.1,OPRK1,3.0
1108,ecfp,0.0,0.01,OPRK1,4.0
1109,ecfp,1.6666666666666665,0.1,OPRK1,4.0
1110,ecfp,0.0,0.01,OPRK1,5.0
1111,ecfp,1.6666666666666665,0.1,OPRK1,5.0
1112,ecfp,0.0,0.01,OPRK1,6.0
1113,ecfp,1.6666666666666665,0.1,OPRK1,6.0
1114,ecfp,0.0,0.01,OPRK1,7.0
1115,ecfp,1.6666666666666665,0.1,OPRK1,7.0
1116,ecfp,0.0,0.01,OPRK1,8.0
1117,ecfp,1.6666666666666665,0.1,OPRK1,8.0
1118,ecfp,0.0,0.01,OPRK1,9.0
1119,ecfp,1.6666666666666665,0.1,OPRK1,9.0
1120,ecfp,4.080977345066467,0.01,KAT2A,0.0
1121,ecfp,2.0407227003658446,0.1,KAT2A,0.0
1122,ecfp,4.080977345066467,0.01,KAT2A,1.0
1123,ecfp,2.0407227003658446,0.1,KAT2A,1.0
1124,ecfp,4.080977345066467,0.01,KAT2A,2.0
1125,ecfp,2.0407227003658446,0.1,KAT2A,2.0
1126,ecfp,4.080977345066467,0.01,KAT2A,3.0
1127,ecfp,2.0407227003658446,0.1,KAT2A,3.0
1128,ecfp,4.080977345066467,0.01,KAT2A,4.0
1129,ecfp,2.0407227003658446,0.1,KAT2A,4.0
1130,ecfp,4.080977345066467,0.01,KAT2A,5.0
1131,ecfp,2.0407227003658446,0.1,KAT2A,5.0
1132,ecfp,4.080977345066467,0.01,KAT2A,6.0
1133,ecfp,2.0407227003658446,0.1,KAT2A,6.0
1134,ecfp,4.080977345066467,0.01,KAT2A,7.0
1135,ecfp,2.0407227003658446,0.1,KAT2A,7.0
1136,ecfp,4.080977345066467,0.01,KAT2A,8.0
1137,ecfp,2.0407227003658446,0.1,KAT2A,8.0
1138,ecfp,4.080977345066467,0.01,KAT2A,9.0
1139,ecfp,2.0407227003658446,0.1,KAT2A,9.0
1140,ecfp,0.0,0.01,IDH1,0.0
1141,ecfp,2.999734894510107,0.1,IDH1,0.0
1142,ecfp,0.0,0.01,IDH1,1.0
1143,ecfp,2.999734894510107,0.1,IDH1,1.0
1144,ecfp,0.0,0.01,IDH1,2.0
1145,ecfp,2.999734894510107,0.1,IDH1,2.0
1146,ecfp,0.0,0.01,IDH1,3.0
1147,ecfp,2.999734894510107,0.1,IDH1,3.0
1148,ecfp,0.0,0.01,IDH1,4.0
1149,ecfp,2.999734894510107,0.1,IDH1,4.0
1150,ecfp,0.0,0.01,IDH1,5.0
1151,ecfp,2.999734894510107,0.1,IDH1,5.0
1152,ecfp,0.0,0.01,IDH1,6.0
1153,ecfp,2.999734894510107,0.1,IDH1,6.0
1154,ecfp,0.0,0.01,IDH1,7.0
1155,ecfp,2.999734894510107,0.1,IDH1,7.0
1156,ecfp,0.0,0.01,IDH1,8.0
1157,ecfp,2.999734894510107,0.1,IDH1,8.0
1158,ecfp,0.0,0.01,IDH1,9.0
1159,ecfp,2.999734894510107,0.1,IDH1,9.0
1160,ecfp,19.309090909090912,0.01,TP53,0.0
1161,ecfp,4.962616822429907,0.1,TP53,0.0
1162,ecfp,19.309090909090912,0.01,TP53,1.0
1163,ecfp,4.962616822429907,0.1,TP53,1.0
1164,ecfp,19.309090909090912,0.01,TP53,2.0
1165,ecfp,4.962616822429907,0.1,TP53,2.0
1166,ecfp,19.309090909090912,0.01,TP53,3.0
1167,ecfp,4.962616822429907,0.1,TP53,3.0
1168,ecfp,19.309090909090912,0.01,TP53,4.0
1169,ecfp,4.962616822429907,0.1,TP53,4.0
1170,ecfp,19.309090909090912,0.01,TP53,5.0
1171,ecfp,4.962616822429907,0.1,TP53,5.0
1172,ecfp,19.309090909090912,0.01,TP53,6.0
1173,ecfp,4.962616822429907,0.1,TP53,6.0
1174,ecfp,19.309090909090912,0.01,TP53,7.0
1175,ecfp,4.962616822429907,0.1,TP53,7.0
1176,ecfp,19.309090909090912,0.01,TP53,8.0
1177,ecfp,4.962616822429907,0.1,TP53,8.0
1178,ecfp,19.309090909090912,0.01,TP53,9.0
1179,ecfp,4.962616822429907,0.1,TP53,9.0
1180,ecfp,0.0,0.01,ADRB2,0.0
1181,ecfp,0.0,0.1,ADRB2,0.0
1182,ecfp,0.0,0.01,ADRB2,1.0
1183,ecfp,0.0,0.1,ADRB2,1.0
1184,ecfp,0.0,0.01,ADRB2,2.0
1185,ecfp,0.0,0.1,ADRB2,2.0
1186,ecfp,0.0,0.01,ADRB2,3.0
1187,ecfp,0.0,0.1,ADRB2,3.0
1188,ecfp,0.0,0.01,ADRB2,4.0
1189,ecfp,0.0,0.1,ADRB2,4.0
1190,ecfp,0.0,0.01,ADRB2,5.0
1191,ecfp,0.0,0.1,ADRB2,5.0
1192,ecfp,0.0,0.01,ADRB2,6.0
1193,ecfp,0.0,0.1,ADRB2,6.0
1194,ecfp,0.0,0.01,ADRB2,7.0
1195,ecfp,0.0,0.1,ADRB2,7.0
1196,ecfp,0.0,0.01,ADRB2,8.0
1197,ecfp,0.0,0.1,ADRB2,8.0
1198,ecfp,0.0,0.01,ADRB2,9.0
1199,ecfp,0.0,0.1,ADRB2,9.0
1200,rf,56.48553981436248,0.01,FEN1,0.0
1201,rf,8.042845272136276,0.1,FEN1,0.0
1202,rf,53.22675867122619,0.01,FEN1,1.0
1203,rf,7.499409780775716,0.1,FEN1,1.0
1204,rf,52.14049829018075,0.01,FEN1,2.0
1205,rf,7.716783977319939,0.1,FEN1,2.0
1206,rf,53.22675867122619,0.01,FEN1,3.0
1207,rf,7.064661387687269,0.1,FEN1,3.0
1208,rf,57.57180019540792,0.01,FEN1,4.0
1209,rf,7.390722682503604,0.1,FEN1,4.0
1210,rf,53.22675867122619,0.01,FEN1,5.0
1211,rf,7.499409780775716,0.1,FEN1,5.0
1212,rf,55.399279433317055,0.01,FEN1,6.0
1213,rf,7.17334848595938,0.1,FEN1,6.0
1214,rf,52.14049829018075,0.01,FEN1,7.0
1215,rf,7.064661387687269,0.1,FEN1,7.0
1216,rf,55.399279433317055,0.01,FEN1,8.0
1217,rf,7.390722682503604,0.1,FEN1,8.0
1218,rf,56.48553981436248,0.01,FEN1,9.0
1219,rf,7.499409780775716,0.1,FEN1,9.0
1220,rf,29.97417218543046,0.01,IDH1,0.0
1221,rf,2.999734894510107,0.1,IDH1,0.0
1222,rf,19.982781456953646,0.01,IDH1,1.0
1223,rf,2.999734894510107,0.1,IDH1,1.0
1224,rf,9.991390728476823,0.01,IDH1,2.0
1225,rf,0.9999116315033691,0.1,IDH1,2.0
1226,rf,19.982781456953646,0.01,IDH1,3.0
1227,rf,1.9998232630067383,0.1,IDH1,3.0
1228,rf,0.0,0.01,IDH1,4.0
1229,rf,0.9999116315033691,0.1,IDH1,4.0
1230,rf,9.991390728476823,0.01,IDH1,5.0
1231,rf,1.9998232630067383,0.1,IDH1,5.0
1232,rf,9.991390728476823,0.01,IDH1,6.0
1233,rf,0.9999116315033691,0.1,IDH1,6.0
1234,rf,0.0,0.01,IDH1,7.0
1235,rf,1.9998232630067383,0.1,IDH1,7.0
1236,rf,19.982781456953646,0.01,IDH1,8.0
1237,rf,2.999734894510107,0.1,IDH1,8.0
1238,rf,9.991390728476823,0.01,IDH1,9.0
1239,rf,1.9998232630067383,0.1,IDH1,9.0
1240,rf,0.0,0.01,ESR1_ago,0.0
1241,rf,3.3309523809523807,0.1,ESR1_ago,0.0
1242,rf,0.0,0.01,ESR1_ago,1.0
1243,rf,3.3309523809523807,0.1,ESR1_ago,1.0
1244,rf,0.0,0.01,ESR1_ago,2.0
1245,rf,6.661904761904761,0.1,ESR1_ago,2.0
1246,rf,0.0,0.01,ESR1_ago,3.0
1247,rf,0.0,0.1,ESR1_ago,3.0
1248,rf,0.0,0.01,ESR1_ago,4.0
1249,rf,3.3309523809523807,0.1,ESR1_ago,4.0
1250,rf,0.0,0.01,ESR1_ago,5.0
1251,rf,3.3309523809523807,0.1,ESR1_ago,5.0
1252,rf,0.0,0.01,ESR1_ago,6.0
1253,rf,3.3309523809523807,0.1,ESR1_ago,6.0
1254,rf,0.0,0.01,ESR1_ago,7.0
1255,rf,0.0,0.1,ESR1_ago,7.0
1256,rf,0.0,0.01,ESR1_ago,8.0
1257,rf,3.3309523809523807,0.1,ESR1_ago,8.0
1258,rf,0.0,0.01,ESR1_ago,9.0
1259,rf,0.0,0.1,ESR1_ago,9.0
1260,rf,15.841228846910665,0.01,ALDH1,0.0
1261,rf,5.529219604967917,0.1,ALDH1,0.0
1262,rf,15.841228846910665,0.01,ALDH1,1.0
1263,rf,5.562696212061566,0.1,ALDH1,1.0
1264,rf,15.729670897284533,0.01,ALDH1,2.0
1265,rf,5.629649426248868,0.1,ALDH1,2.0
1266,rf,16.120123720975993,0.01,ALDH1,3.0
1267,rf,5.5515373430303505,0.1,ALDH1,3.0
1268,rf,16.231681670602125,0.01,ALDH1,4.0
1269,rf,5.523640170452308,0.1,ALDH1,4.0
1270,rf,15.39499704840614,0.01,ALDH1,5.0
1271,rf,5.4790046943274415,0.1,ALDH1,5.0
1272,rf,15.952786796536795,0.01,ALDH1,6.0
1273,rf,5.557116777545959,0.1,ALDH1,6.0
1274,rf,16.622134494293583,0.01,ALDH1,7.0
1275,rf,5.562696212061566,0.1,ALDH1,7.0
1276,rf,16.17590269578906,0.01,ALDH1,8.0
1277,rf,5.495742997874267,0.1,ALDH1,8.0
1278,rf,15.897007821723731,0.01,ALDH1,9.0
1279,rf,5.562696212061566,0.1,ALDH1,9.0
1280,rf,46.13727013727014,0.01,VDR,0.0
1281,rf,6.560938648589472,0.1,VDR,0.0
1282,rf,47.041922492902884,0.01,VDR,1.0
1283,rf,6.69668220683615,0.1,VDR,1.0
1284,rf,45.232617781637394,0.01,VDR,2.0
1285,rf,6.606186501338365,0.1,VDR,2.0
1286,rf,48.85122720416838,0.01,VDR,3.0
1287,rf,7.103912881576187,0.1,VDR,3.0
1288,rf,44.78029160382102,0.01,VDR,4.0
1289,rf,6.922921470580615,0.1,VDR,4.0
1290,rf,44.32796542600464,0.01,VDR,5.0
1291,rf,6.7419300595850435,0.1,VDR,5.0
1292,rf,44.32796542600464,0.01,VDR,6.0
1293,rf,6.651434354087257,0.1,VDR,6.0
1294,rf,44.78029160382102,0.01,VDR,7.0
1295,rf,6.69668220683615,0.1,VDR,7.0
1296,rf,47.94657484853563,0.01,VDR,8.0
1297,rf,6.7419300595850435,0.1,VDR,8.0
1298,rf,48.39890102635201,0.01,VDR,9.0
1299,rf,6.968169323329508,0.1,VDR,9.0
1300,rf,0.0,0.01,ADRB2,0.0
1301,rf,0.0,0.1,ADRB2,0.0
1302,rf,0.0,0.01,ADRB2,1.0
1303,rf,0.0,0.1,ADRB2,1.0
1304,rf,0.0,0.01,ADRB2,2.0
1305,rf,0.0,0.1,ADRB2,2.0
1306,rf,0.0,0.01,ADRB2,3.0
1307,rf,0.0,0.1,ADRB2,3.0
1308,rf,0.0,0.01,ADRB2,4.0
1309,rf,0.0,0.1,ADRB2,4.0
1310,rf,0.0,0.01,ADRB2,5.0
1311,rf,0.0,0.1,ADRB2,5.0
1312,rf,0.0,0.01,ADRB2,6.0
1313,rf,0.0,0.1,ADRB2,6.0
1314,rf,0.0,0.01,ADRB2,7.0
1315,rf,0.0,0.1,ADRB2,7.0
1316,rf,0.0,0.01,ADRB2,8.0
1317,rf,0.0,0.1,ADRB2,8.0
1318,rf,24.976023017902815,0.01,ADRB2,9.0
1319,rf,2.4998400102393448,0.1,ADRB2,9.0
1320,rf,33.6301775147929,0.01,ESR1_ant,0.0
1321,rf,4.97244094488189,0.1,ESR1_ant,0.0
1322,rf,33.6301775147929,0.01,ESR1_ant,1.0
1323,rf,4.97244094488189,0.1,ESR1_ant,1.0
1324,rf,33.6301775147929,0.01,ESR1_ant,2.0
1325,rf,4.97244094488189,0.1,ESR1_ant,2.0
1326,rf,33.6301775147929,0.01,ESR1_ant,3.0
1327,rf,5.354936402180496,0.1,ESR1_ant,3.0
1328,rf,33.6301775147929,0.01,ESR1_ant,4.0
1329,rf,5.737431859479103,0.1,ESR1_ant,4.0
1330,rf,33.6301775147929,0.01,ESR1_ant,5.0
1331,rf,4.589945487583283,0.1,ESR1_ant,5.0
1332,rf,29.893491124260358,0.01,ESR1_ant,6.0
1333,rf,4.97244094488189,0.1,ESR1_ant,6.0
1334,rf,33.6301775147929,0.01,ESR1_ant,7.0
1335,rf,4.97244094488189,0.1,ESR1_ant,7.0
1336,rf,33.6301775147929,0.01,ESR1_ant,8.0
1337,rf,4.97244094488189,0.1,ESR1_ant,8.0
1338,rf,33.6301775147929,0.01,ESR1_ant,9.0
1339,rf,4.97244094488189,0.1,ESR1_ant,9.0
1340,rf,66.83673469387755,0.01,PPARG,0.0
1341,rf,8.571428571428571,0.1,PPARG,0.0
1342,rf,53.469387755102034,0.01,PPARG,1.0
1343,rf,8.571428571428571,0.1,PPARG,1.0
1344,rf,53.469387755102034,0.01,PPARG,2.0
1345,rf,8.571428571428571,0.1,PPARG,2.0
1346,rf,66.83673469387755,0.01,PPARG,3.0
1347,rf,8.571428571428571,0.1,PPARG,3.0
1348,rf,66.83673469387755,0.01,PPARG,4.0
1349,rf,8.571428571428571,0.1,PPARG,4.0
1350,rf,53.469387755102034,0.01,PPARG,5.0
1351,rf,8.571428571428571,0.1,PPARG,5.0
1352,rf,66.83673469387755,0.01,PPARG,6.0
1353,rf,8.571428571428571,0.1,PPARG,6.0
1354,rf,66.83673469387755,0.01,PPARG,7.0
1355,rf,8.571428571428571,0.1,PPARG,7.0
1356,rf,53.469387755102034,0.01,PPARG,8.0
1357,rf,7.142857142857143,0.1,PPARG,8.0
1358,rf,66.83673469387755,0.01,PPARG,9.0
1359,rf,8.571428571428571,0.1,PPARG,9.0
1360,rf,40.821499668215,0.01,PKM2,0.0
1361,rf,6.64211982572874,0.1,PKM2,0.0
1362,rf,35.718812209688124,0.01,PKM2,1.0
1363,rf,7.226042447770827,0.1,PKM2,1.0
1364,rf,37.17672291212437,0.01,PKM2,2.0
1365,rf,6.788100481239261,0.1,PKM2,2.0
1366,rf,39.363588965778746,0.01,PKM2,3.0
1367,rf,6.861090808994523,0.1,PKM2,3.0
1368,rf,40.821499668215,0.01,PKM2,4.0
1369,rf,6.350158514707696,0.1,PKM2,4.0
1370,rf,43.7373210730875,0.01,PKM2,5.0
1371,rf,6.715110153484001,0.1,PKM2,5.0
1372,rf,37.905678263342494,0.01,PKM2,6.0
1373,rf,6.64211982572874,0.1,PKM2,6.0
1374,rf,36.44776756090625,0.01,PKM2,7.0
1375,rf,6.64211982572874,0.1,PKM2,7.0
1376,rf,42.27941037065124,0.01,PKM2,8.0
1377,rf,6.861090808994523,0.1,PKM2,8.0
1378,rf,40.09254431699687,0.01,PKM2,9.0
1379,rf,6.861090808994523,0.1,PKM2,9.0
1380,rf,18.107019562715767,0.01,MAPK1,0.0
1381,rf,4.284352877110183,0.1,MAPK1,0.0
1382,rf,16.81366102252178,0.01,MAPK1,1.0
1383,rf,4.673839502302018,0.1,MAPK1,1.0
1384,rf,18.107019562715767,0.01,MAPK1,2.0
1385,rf,4.154524002046238,0.1,MAPK1,2.0
1386,rf,12.93358540193983,0.01,MAPK1,3.0
1387,rf,4.673839502302018,0.1,MAPK1,3.0
1388,rf,16.81366102252178,0.01,MAPK1,4.0
1389,rf,4.8036683773659625,0.1,MAPK1,4.0
1390,rf,18.107019562715767,0.01,MAPK1,5.0
1391,rf,4.0246951269822935,0.1,MAPK1,5.0
1392,rf,19.400378102909748,0.01,MAPK1,6.0
1393,rf,4.154524002046238,0.1,MAPK1,6.0
1394,rf,15.520302482327798,0.01,MAPK1,7.0
1395,rf,4.0246951269822935,0.1,MAPK1,7.0
1396,rf,15.520302482327798,0.01,MAPK1,8.0
1397,rf,4.284352877110183,0.1,MAPK1,8.0
1398,rf,18.107019562715767,0.01,MAPK1,9.0
1399,rf,3.7650373768544037,0.1,MAPK1,9.0
1400,rf,33.313580246913574,0.01,OPRK1,0.0
1401,rf,3.333333333333333,0.1,OPRK1,0.0
1402,rf,33.313580246913574,0.01,OPRK1,1.0
1403,rf,3.333333333333333,0.1,OPRK1,1.0
1404,rf,33.313580246913574,0.01,OPRK1,2.0
1405,rf,3.333333333333333,0.1,OPRK1,2.0
1406,rf,33.313580246913574,0.01,OPRK1,3.0
1407,rf,3.333333333333333,0.1,OPRK1,3.0
1408,rf,33.313580246913574,0.01,OPRK1,4.0
1409,rf,3.333333333333333,0.1,OPRK1,4.0
1410,rf,33.313580246913574,0.01,OPRK1,5.0
1411,rf,3.333333333333333,0.1,OPRK1,5.0
1412,rf,33.313580246913574,0.01,OPRK1,6.0
1413,rf,3.333333333333333,0.1,OPRK1,6.0
1414,rf,33.313580246913574,0.01,OPRK1,7.0
1415,rf,3.333333333333333,0.1,OPRK1,7.0
1416,rf,33.313580246913574,0.01,OPRK1,8.0
1417,rf,3.333333333333333,0.1,OPRK1,8.0
1418,rf,33.313580246913574,0.01,OPRK1,9.0
1419,rf,5.0,0.1,OPRK1,9.0
1420,rf,22.44537539786557,0.01,KAT2A,0.0
1421,rf,3.877373130695104,0.1,KAT2A,0.0
1422,rf,26.526352742932037,0.01,KAT2A,1.0
1423,rf,4.081445400731689,0.1,KAT2A,1.0
1424,rf,22.44537539786557,0.01,KAT2A,2.0
1425,rf,3.4692285906219356,0.1,KAT2A,2.0
1426,rf,22.44537539786557,0.01,KAT2A,3.0
1427,rf,4.081445400731689,0.1,KAT2A,3.0
1428,rf,24.485864070398804,0.01,KAT2A,4.0
1429,rf,4.2855176707682725,0.1,KAT2A,4.0
1430,rf,26.526352742932037,0.01,KAT2A,5.0
1431,rf,3.877373130695104,0.1,KAT2A,5.0
1432,rf,26.526352742932037,0.01,KAT2A,6.0
1433,rf,4.693662210841442,0.1,KAT2A,6.0
1434,rf,24.485864070398804,0.01,KAT2A,7.0
1435,rf,4.081445400731689,0.1,KAT2A,7.0
1436,rf,26.526352742932037,0.01,KAT2A,8.0
1437,rf,4.081445400731689,0.1,KAT2A,8.0
1438,rf,20.404886725332336,0.01,KAT2A,9.0
1439,rf,4.081445400731689,0.1,KAT2A,9.0
1440,rf,29.05421686746988,0.01,MTORC1,0.0
1441,rf,5.415356711003627,0.1,MTORC1,0.0
1442,rf,24.903614457831324,0.01,MTORC1,1.0
1443,rf,4.165659008464329,0.1,MTORC1,1.0
1444,rf,29.05421686746988,0.01,MTORC1,2.0
1445,rf,3.7490931076178957,0.1,MTORC1,2.0
1446,rf,29.05421686746988,0.01,MTORC1,3.0
1447,rf,5.415356711003627,0.1,MTORC1,3.0
1448,rf,33.20481927710843,0.01,MTORC1,4.0
1449,rf,5.83192261185006,0.1,MTORC1,4.0
1450,rf,29.05421686746988,0.01,MTORC1,5.0
1451,rf,4.165659008464329,0.1,MTORC1,5.0
1452,rf,29.05421686746988,0.01,MTORC1,6.0
1453,rf,4.998790810157194,0.1,MTORC1,6.0
1454,rf,29.05421686746988,0.01,MTORC1,7.0
1455,rf,3.332527206771463,0.1,MTORC1,7.0
1456,rf,29.05421686746988,0.01,MTORC1,8.0
1457,rf,4.998790810157194,0.1,MTORC1,8.0
1458,rf,33.20481927710843,0.01,MTORC1,9.0
1459,rf,4.165659008464329,0.1,MTORC1,9.0
1460,rf,61.8671679197995,0.01,GBA,0.0
1461,rf,6.666216581150419,0.1,GBA,0.0
1462,rf,61.8671679197995,0.01,GBA,1.0
1463,rf,7.380454071987964,0.1,GBA,1.0
1464,rf,54.72864854443802,0.01,GBA,2.0
1465,rf,7.142374908375449,0.1,GBA,2.0
1466,rf,61.8671679197995,0.01,GBA,3.0
1467,rf,7.142374908375449,0.1,GBA,3.0
1468,rf,61.8671679197995,0.01,GBA,4.0
1469,rf,7.618533235600478,0.1,GBA,4.0
1470,rf,59.487661461345674,0.01,GBA,5.0
1471,rf,6.428137417537904,0.1,GBA,5.0
1472,rf,54.72864854443802,0.01,GBA,6.0
1473,rf,6.904295744762933,0.1,GBA,6.0
1474,rf,57.10815500289184,0.01,GBA,7.0
1475,rf,7.380454071987964,0.1,GBA,7.0
1476,rf,57.10815500289184,0.01,GBA,8.0
1477,rf,6.666216581150419,0.1,GBA,8.0
1478,rf,61.8671679197995,0.01,GBA,9.0
1479,rf,6.904295744762933,0.1,GBA,9.0
1480,rf,43.445454545454545,0.01,TP53,0.0
1481,rf,6.947663551401869,0.1,TP53,0.0
1482,rf,38.618181818181824,0.01,TP53,1.0
1483,rf,5.4588785046728985,0.1,TP53,1.0
1484,rf,38.618181818181824,0.01,TP53,2.0
1485,rf,6.45140186915888,0.1,TP53,2.0
1486,rf,43.445454545454545,0.01,TP53,3.0
1487,rf,5.955140186915888,0.1,TP53,3.0
1488,rf,43.445454545454545,0.01,TP53,4.0
1489,rf,6.45140186915888,0.1,TP53,4.0
1490,rf,43.445454545454545,0.01,TP53,5.0
1491,rf,4.962616822429907,0.1,TP53,5.0
1492,rf,38.618181818181824,0.01,TP53,6.0
1493,rf,5.955140186915888,0.1,TP53,6.0
1494,rf,38.618181818181824,0.01,TP53,7.0
1495,rf,6.45140186915888,0.1,TP53,7.0
1496,rf,43.445454545454545,0.01,TP53,8.0
1497,rf,6.45140186915888,0.1,TP53,8.0
1498,rf,43.445454545454545,0.01,TP53,9.0
1499,rf,5.955140186915888,0.1,TP53,9.0
1500,mlp,41.27789447972643,0.01,FEN1,0.0
1501,mlp,6.412538798054597,0.1,FEN1,0.0
1502,mlp,40.191634098681,0.01,FEN1,1.0
1503,mlp,6.52122589632671,0.1,FEN1,1.0
1504,mlp,44.536675622862724,0.01,FEN1,2.0
1505,mlp,6.738600092870933,0.1,FEN1,2.0
1506,mlp,40.191634098681,0.01,FEN1,3.0
1507,mlp,6.195164601510374,0.1,FEN1,3.0
1508,mlp,41.27789447972643,0.01,FEN1,4.0
1509,mlp,6.303851699782486,0.1,FEN1,4.0
1510,mlp,42.36415486077186,0.01,FEN1,5.0
1511,mlp,6.195164601510374,0.1,FEN1,5.0
1512,mlp,42.36415486077186,0.01,FEN1,6.0
1513,mlp,6.412538798054597,0.1,FEN1,6.0
1514,mlp,40.191634098681,0.01,FEN1,7.0
1515,mlp,6.847287191143046,0.1,FEN1,7.0
1516,mlp,34.760332193453834,0.01,FEN1,8.0
1517,mlp,6.303851699782486,0.1,FEN1,8.0
1518,mlp,41.27789447972643,0.01,FEN1,9.0
1519,mlp,6.303851699782486,0.1,FEN1,9.0
1520,mlp,36.44776756090625,0.01,PKM2,0.0
1521,mlp,5.83922622042087,0.1,PKM2,0.0
1522,mlp,37.905678263342494,0.01,PKM2,1.0
1523,mlp,5.83922622042087,0.1,PKM2,1.0
1524,mlp,37.905678263342494,0.01,PKM2,2.0
1525,mlp,6.131187531441914,0.1,PKM2,2.0
1526,mlp,33.53194615603375,0.01,PKM2,3.0
1527,mlp,6.350158514707696,0.1,PKM2,3.0
1528,mlp,33.53194615603375,0.01,PKM2,4.0
1529,mlp,6.058197203686653,0.1,PKM2,4.0
1530,mlp,36.44776756090625,0.01,PKM2,5.0
1531,mlp,5.620255237155088,0.1,PKM2,5.0
1532,mlp,30.616124751161248,0.01,PKM2,6.0
1533,mlp,6.204177859197175,0.1,PKM2,6.0
1534,mlp,36.44776756090625,0.01,PKM2,7.0
1535,mlp,6.350158514707696,0.1,PKM2,7.0
1536,mlp,32.074035453597496,0.01,PKM2,8.0
1537,mlp,6.350158514707696,0.1,PKM2,8.0
1538,mlp,21.86866053654375,0.01,PKM2,9.0
1539,mlp,5.693245564910348,0.1,PKM2,9.0
1540,mlp,12.38293240850059,0.01,ALDH1,0.0
1541,mlp,4.37427666023698,0.1,ALDH1,0.0
1542,mlp,13.275396005509641,0.01,ALDH1,1.0
1543,mlp,4.876425766641735,0.1,ALDH1,1.0
1544,mlp,14.558312426210152,0.01,ALDH1,2.0
1545,mlp,5.110762016297287,0.1,ALDH1,2.0
1546,mlp,15.00454422471468,0.01,ALDH1,3.0
1547,mlp,5.155397492422154,0.1,ALDH1,3.0
1548,mlp,14.558312426210152,0.01,ALDH1,4.0
1549,mlp,4.9099023737353855,0.1,ALDH1,4.0
1550,mlp,14.725649350649352,0.01,ALDH1,5.0
1551,mlp,4.89316407018856,0.1,ALDH1,5.0
1552,mlp,14.000522678079495,0.01,ALDH1,6.0
1553,mlp,4.820631421485651,0.1,ALDH1,6.0
1554,mlp,14.502533451397088,0.01,ALDH1,7.0
1555,mlp,4.887584635672952,0.1,ALDH1,7.0
1556,mlp,14.558312426210152,0.01,ALDH1,8.0
1557,mlp,4.8652668976105184,0.1,ALDH1,8.0
1558,mlp,14.502533451397088,0.01,ALDH1,9.0
1559,mlp,4.803893117938826,0.1,ALDH1,9.0
1560,mlp,33.47213715841167,0.01,VDR,0.0
1561,mlp,5.701229446360506,0.1,VDR,0.0
1562,mlp,35.73376804749354,0.01,VDR,1.0
1563,mlp,6.334699384845007,0.1,VDR,1.0
1564,mlp,28.948875380247934,0.01,VDR,2.0
1565,mlp,6.017964415602757,0.1,VDR,2.0
1566,mlp,37.54307275875903,0.01,VDR,3.0
1567,mlp,6.334699384845007,0.1,VDR,3.0
1568,mlp,37.090746580942664,0.01,VDR,4.0
1569,mlp,5.9274687101049714,0.1,VDR,4.0
1570,mlp,24.877939779900565,0.01,VDR,5.0
1571,mlp,5.9274687101049714,0.1,VDR,5.0
1572,mlp,28.04422302461518,0.01,VDR,6.0
1573,mlp,6.289451532096114,0.1,VDR,6.0
1574,mlp,37.995398936575405,0.01,VDR,7.0
1575,mlp,6.244203679347222,0.1,VDR,7.0
1576,mlp,26.234918313349688,0.01,VDR,8.0
1577,mlp,5.882220857356078,0.1,VDR,8.0
1578,mlp,30.30585391369705,0.01,VDR,9.0
1579,mlp,5.520238035364935,0.1,VDR,9.0
1580,mlp,26.15680473372781,0.01,ESR1_ant,0.0
1581,mlp,4.589945487583283,0.1,ESR1_ant,0.0
1582,mlp,26.15680473372781,0.01,ESR1_ant,1.0
1583,mlp,4.207450030284676,0.1,ESR1_ant,1.0
1584,mlp,29.893491124260358,0.01,ESR1_ant,2.0
1585,mlp,4.207450030284676,0.1,ESR1_ant,2.0
1586,mlp,26.15680473372781,0.01,ESR1_ant,3.0
1587,mlp,3.442459115687462,0.1,ESR1_ant,3.0
1588,mlp,29.893491124260358,0.01,ESR1_ant,4.0
1589,mlp,4.97244094488189,0.1,ESR1_ant,4.0
1590,mlp,3.7366863905325447,0.01,ESR1_ant,5.0
1591,mlp,3.8249545729860692,0.1,ESR1_ant,5.0
1592,mlp,33.6301775147929,0.01,ESR1_ant,6.0
1593,mlp,4.207450030284676,0.1,ESR1_ant,6.0
1594,mlp,33.6301775147929,0.01,ESR1_ant,7.0
1595,mlp,3.8249545729860692,0.1,ESR1_ant,7.0
1596,mlp,33.6301775147929,0.01,ESR1_ant,8.0
1597,mlp,4.207450030284676,0.1,ESR1_ant,8.0
1598,mlp,26.15680473372781,0.01,ESR1_ant,9.0
1599,mlp,4.207450030284676,0.1,ESR1_ant,9.0
1600,mlp,29.05421686746988,0.01,MTORC1,0.0
1601,mlp,5.415356711003627,0.1,MTORC1,0.0
1602,mlp,24.903614457831324,0.01,MTORC1,1.0
1603,mlp,2.91596130592503,0.1,MTORC1,1.0
1604,mlp,20.753012048192772,0.01,MTORC1,2.0
1605,mlp,3.7490931076178957,0.1,MTORC1,2.0
1606,mlp,20.753012048192772,0.01,MTORC1,3.0
1607,mlp,3.7490931076178957,0.1,MTORC1,3.0
1608,mlp,24.903614457831324,0.01,MTORC1,4.0
1609,mlp,3.7490931076178957,0.1,MTORC1,4.0
1610,mlp,20.753012048192772,0.01,MTORC1,5.0
1611,mlp,3.7490931076178957,0.1,MTORC1,5.0
1612,mlp,20.753012048192772,0.01,MTORC1,6.0
1613,mlp,3.7490931076178957,0.1,MTORC1,6.0
1614,mlp,24.903614457831324,0.01,MTORC1,7.0
1615,mlp,4.582224909310761,0.1,MTORC1,7.0
1616,mlp,20.753012048192772,0.01,MTORC1,8.0
1617,mlp,3.7490931076178957,0.1,MTORC1,8.0
1618,mlp,16.602409638554214,0.01,MTORC1,9.0
1619,mlp,3.7490931076178957,0.1,MTORC1,9.0
1620,mlp,0.0,0.01,IDH1,0.0
1621,mlp,0.9999116315033691,0.1,IDH1,0.0
1622,mlp,0.0,0.01,IDH1,1.0
1623,mlp,1.9998232630067383,0.1,IDH1,1.0
1624,mlp,0.0,0.01,IDH1,2.0
1625,mlp,1.9998232630067383,0.1,IDH1,2.0
1626,mlp,9.991390728476823,0.01,IDH1,3.0
1627,mlp,2.999734894510107,0.1,IDH1,3.0
1628,mlp,0.0,0.01,IDH1,4.0
1629,mlp,0.9999116315033691,0.1,IDH1,4.0
1630,mlp,9.991390728476823,0.01,IDH1,5.0
1631,mlp,1.9998232630067383,0.1,IDH1,5.0
1632,mlp,0.0,0.01,IDH1,6.0
1633,mlp,1.9998232630067383,0.1,IDH1,6.0
1634,mlp,9.991390728476823,0.01,IDH1,7.0
1635,mlp,2.999734894510107,0.1,IDH1,7.0
1636,mlp,0.0,0.01,IDH1,8.0
1637,mlp,0.0,0.1,IDH1,8.0
1638,mlp,0.0,0.01,IDH1,9.0
1639,mlp,2.999734894510107,0.1,IDH1,9.0
1640,mlp,14.48181818181818,0.01,TP53,0.0
1641,mlp,3.9700934579439258,0.1,TP53,0.0
1642,mlp,33.79090909090909,0.01,TP53,1.0
1643,mlp,4.466355140186916,0.1,TP53,1.0
1644,mlp,24.136363636363637,0.01,TP53,2.0
1645,mlp,6.45140186915888,0.1,TP53,2.0
1646,mlp,33.79090909090909,0.01,TP53,3.0
1647,mlp,4.962616822429907,0.1,TP53,3.0
1648,mlp,43.445454545454545,0.01,TP53,4.0
1649,mlp,4.962616822429907,0.1,TP53,4.0
1650,mlp,33.79090909090909,0.01,TP53,5.0
1651,mlp,5.4588785046728985,0.1,TP53,5.0
1652,mlp,28.96363636363636,0.01,TP53,6.0
1653,mlp,4.466355140186916,0.1,TP53,6.0
1654,mlp,33.79090909090909,0.01,TP53,7.0
1655,mlp,3.4738317757009347,0.1,TP53,7.0
1656,mlp,33.79090909090909,0.01,TP53,8.0
1657,mlp,5.4588785046728985,0.1,TP53,8.0
1658,mlp,28.96363636363636,0.01,TP53,9.0
1659,mlp,3.9700934579439258,0.1,TP53,9.0
1660,mlp,0.0,0.01,ADRB2,0.0
1661,mlp,2.4998400102393448,0.1,ADRB2,0.0
1662,mlp,0.0,0.01,ADRB2,1.0
1663,mlp,0.0,0.1,ADRB2,1.0
1664,mlp,0.0,0.01,ADRB2,2.0
1665,mlp,0.0,0.1,ADRB2,2.0
1666,mlp,0.0,0.01,ADRB2,3.0
1667,mlp,0.0,0.1,ADRB2,3.0
1668,mlp,0.0,0.01,ADRB2,4.0
1669,mlp,0.0,0.1,ADRB2,4.0
1670,mlp,0.0,0.01,ADRB2,5.0
1671,mlp,0.0,0.1,ADRB2,5.0
1672,mlp,0.0,0.01,ADRB2,6.0
1673,mlp,0.0,0.1,ADRB2,6.0
1674,mlp,0.0,0.01,ADRB2,7.0
1675,mlp,0.0,0.1,ADRB2,7.0
1676,mlp,0.0,0.01,ADRB2,8.0
1677,mlp,2.4998400102393448,0.1,ADRB2,8.0
1678,mlp,0.0,0.01,ADRB2,9.0
1679,mlp,2.4998400102393448,0.1,ADRB2,9.0
1680,mlp,26.734693877551017,0.01,PPARG,0.0
1681,mlp,5.7142857142857135,0.1,PPARG,0.0
1682,mlp,53.469387755102034,0.01,PPARG,1.0
1683,mlp,5.7142857142857135,0.1,PPARG,1.0
1684,mlp,53.469387755102034,0.01,PPARG,2.0
1685,mlp,7.142857142857143,0.1,PPARG,2.0
1686,mlp,26.734693877551017,0.01,PPARG,3.0
1687,mlp,4.285714285714286,0.1,PPARG,3.0
1688,mlp,40.10204081632653,0.01,PPARG,4.0
1689,mlp,7.142857142857143,0.1,PPARG,4.0
1690,mlp,40.10204081632653,0.01,PPARG,5.0
1691,mlp,5.7142857142857135,0.1,PPARG,5.0
1692,mlp,40.10204081632653,0.01,PPARG,6.0
1693,mlp,5.7142857142857135,0.1,PPARG,6.0
1694,mlp,26.734693877551017,0.01,PPARG,7.0
1695,mlp,7.142857142857143,0.1,PPARG,7.0
1696,mlp,53.469387755102034,0.01,PPARG,8.0
1697,mlp,5.7142857142857135,0.1,PPARG,8.0
1698,mlp,40.10204081632653,0.01,PPARG,9.0
1699,mlp,7.142857142857143,0.1,PPARG,9.0
1700,mlp,12.93358540193983,0.01,MAPK1,0.0
1701,mlp,3.3755507516625687,0.1,MAPK1,0.0
1702,mlp,11.640226861745848,0.01,MAPK1,1.0
1703,mlp,2.9860641264707337,0.1,MAPK1,1.0
1704,mlp,12.93358540193983,0.01,MAPK1,2.0
1705,mlp,3.6352085017904585,0.1,MAPK1,2.0
1706,mlp,10.346868321551867,0.01,MAPK1,3.0
1707,mlp,3.7650373768544037,0.1,MAPK1,3.0
1708,mlp,14.226943942133815,0.01,MAPK1,4.0
1709,mlp,4.0246951269822935,0.1,MAPK1,4.0
1710,mlp,9.053509781357883,0.01,MAPK1,5.0
1711,mlp,3.6352085017904585,0.1,MAPK1,5.0
1712,mlp,9.053509781357883,0.01,MAPK1,6.0
1713,mlp,3.894866251918349,0.1,MAPK1,6.0
1714,mlp,10.346868321551867,0.01,MAPK1,7.0
1715,mlp,3.7650373768544037,0.1,MAPK1,7.0
1716,mlp,14.226943942133815,0.01,MAPK1,8.0
1717,mlp,3.7650373768544037,0.1,MAPK1,8.0
1718,mlp,9.053509781357883,0.01,MAPK1,9.0
1719,mlp,3.6352085017904585,0.1,MAPK1,9.0
1720,mlp,33.313580246913574,0.01,OPRK1,0.0
1721,mlp,5.0,0.1,OPRK1,0.0
1722,mlp,33.313580246913574,0.01,OPRK1,1.0
1723,mlp,5.0,0.1,OPRK1,1.0
1724,mlp,33.313580246913574,0.01,OPRK1,2.0
1725,mlp,5.0,0.1,OPRK1,2.0
1726,mlp,33.313580246913574,0.01,OPRK1,3.0
1727,mlp,5.0,0.1,OPRK1,3.0
1728,mlp,33.313580246913574,0.01,OPRK1,4.0
1729,mlp,5.0,0.1,OPRK1,4.0
1730,mlp,33.313580246913574,0.01,OPRK1,5.0
1731,mlp,5.0,0.1,OPRK1,5.0
1732,mlp,33.313580246913574,0.01,OPRK1,6.0
1733,mlp,5.0,0.1,OPRK1,6.0
1734,mlp,33.313580246913574,0.01,OPRK1,7.0
1735,mlp,5.0,0.1,OPRK1,7.0
1736,mlp,33.313580246913574,0.01,OPRK1,8.0
1737,mlp,5.0,0.1,OPRK1,8.0
1738,mlp,33.313580246913574,0.01,OPRK1,9.0
1739,mlp,5.0,0.1,OPRK1,9.0
1740,mlp,0.0,0.01,ESR1_ago,0.0
1741,mlp,0.0,0.1,ESR1_ago,0.0
1742,mlp,0.0,0.01,ESR1_ago,1.0
1743,mlp,0.0,0.1,ESR1_ago,1.0
1744,mlp,0.0,0.01,ESR1_ago,2.0
1745,mlp,0.0,0.1,ESR1_ago,2.0
1746,mlp,0.0,0.01,ESR1_ago,3.0
1747,mlp,0.0,0.1,ESR1_ago,3.0
1748,mlp,0.0,0.01,ESR1_ago,4.0
1749,mlp,0.0,0.1,ESR1_ago,4.0
1750,mlp,0.0,0.01,ESR1_ago,5.0
1751,mlp,0.0,0.1,ESR1_ago,5.0
1752,mlp,0.0,0.01,ESR1_ago,6.0
1753,mlp,0.0,0.1,ESR1_ago,6.0
1754,mlp,0.0,0.01,ESR1_ago,7.0
1755,mlp,0.0,0.1,ESR1_ago,7.0
1756,mlp,0.0,0.01,ESR1_ago,8.0
1757,mlp,0.0,0.1,ESR1_ago,8.0
1758,mlp,0.0,0.01,ESR1_ago,9.0
1759,mlp,0.0,0.1,ESR1_ago,9.0
1760,mlp,45.210622710622715,0.01,GBA,0.0
1761,mlp,5.713899926700359,0.1,GBA,0.0
1762,mlp,49.969635627530366,0.01,GBA,1.0
1763,mlp,5.475820763087844,0.1,GBA,1.0
1764,mlp,52.3491420859842,0.01,GBA,2.0
1765,mlp,6.190058253925389,0.1,GBA,2.0
1766,mlp,35.69259687680741,0.01,GBA,3.0
1767,mlp,4.523504108637784,0.1,GBA,3.0
1768,mlp,47.59012916907653,0.01,GBA,4.0
1769,mlp,6.428137417537904,0.1,GBA,4.0
1770,mlp,40.45160979371506,0.01,GBA,5.0
1771,mlp,5.23774159947533,0.1,GBA,5.0
1772,mlp,42.83111625216888,0.01,GBA,6.0
1773,mlp,5.475820763087844,0.1,GBA,6.0
1774,mlp,45.210622710622715,0.01,GBA,7.0
1775,mlp,6.428137417537904,0.1,GBA,7.0
1776,mlp,49.969635627530366,0.01,GBA,8.0
1777,mlp,5.951979090312874,0.1,GBA,8.0
1778,mlp,38.07210333526123,0.01,GBA,9.0
1779,mlp,4.999662435862814,0.1,GBA,9.0
1780,mlp,20.404886725332336,0.01,KAT2A,0.0
1781,mlp,3.0610840505487666,0.1,KAT2A,0.0
1782,mlp,14.283420707732635,0.01,KAT2A,1.0
1783,mlp,3.4692285906219356,0.1,KAT2A,1.0
1784,mlp,14.283420707732635,0.01,KAT2A,2.0
1785,mlp,2.857011780512182,0.1,KAT2A,2.0
1786,mlp,14.283420707732635,0.01,KAT2A,3.0
1787,mlp,2.6529395104755977,0.1,KAT2A,3.0
1788,mlp,8.161954690132934,0.01,KAT2A,4.0
1789,mlp,2.0407227003658446,0.1,KAT2A,4.0
1790,mlp,8.161954690132934,0.01,KAT2A,5.0
1791,mlp,1.8366504303292601,0.1,KAT2A,5.0
1792,mlp,8.161954690132934,0.01,KAT2A,6.0
1793,mlp,2.857011780512182,0.1,KAT2A,6.0
1794,mlp,16.323909380265867,0.01,KAT2A,7.0
1795,mlp,3.877373130695104,0.1,KAT2A,7.0
1796,mlp,12.242932035199402,0.01,KAT2A,8.0
1797,mlp,2.857011780512182,0.1,KAT2A,8.0
1798,mlp,6.121466017599701,0.01,KAT2A,9.0
1799,mlp,2.0407227003658446,0.1,KAT2A,9.0
1800,HDC-RF,8.199509297520661,0.01,ALDH1,0.0
1801,HDC-RF,1.6184819951960938,0.1,ALDH1,0.0
1802,HDC-RF,8.255288272333727,0.01,ALDH1,1.0
1803,HDC-RF,1.551510326429359,0.1,ALDH1,1.0
1804,HDC-RF,8.199509297520661,0.01,ALDH1,2.0
1805,HDC-RF,1.551510326429359,0.1,ALDH1,2.0
1806,HDC-RF,8.199509297520661,0.01,ALDH1,3.0
1807,HDC-RF,1.5849961608127263,0.1,ALDH1,3.0
1808,HDC-RF,7.753277499016136,0.01,ALDH1,4.0
1809,HDC-RF,1.6240629675933216,0.1,ALDH1,4.0
1810,HDC-RF,7.753277499016136,0.01,ALDH1,5.0
1811,HDC-RF,1.5849961608127263,0.1,ALDH1,5.0
1812,HDC-RF,8.032172373081465,0.01,ALDH1,6.0
1813,HDC-RF,1.5236054644432193,0.1,ALDH1,6.0
1814,HDC-RF,8.08795134789453,0.01,ALDH1,7.0
1815,HDC-RF,1.5794151884154985,0.1,ALDH1,7.0
1816,HDC-RF,7.976393398268398,0.01,ALDH1,8.0
1817,HDC-RF,1.6129010227988658,0.1,ALDH1,8.0
1818,HDC-RF,7.976393398268398,0.01,ALDH1,9.0
1819,HDC-RF,1.6129010227988658,0.1,ALDH1,9.0
1820,HDC-RF,7.13851937536148,0.01,GBA,0.0
1821,HDC-RF,1.6665541452876047,0.1,GBA,0.0
1822,HDC-RF,9.518025833815308,0.01,GBA,1.0
1823,HDC-RF,1.9046333089001195,0.1,GBA,1.0
1824,HDC-RF,14.27703875072296,0.01,GBA,2.0
1825,HDC-RF,2.1427124725126343,0.1,GBA,2.0
1826,HDC-RF,11.897532292269133,0.01,GBA,3.0
1827,HDC-RF,2.1427124725126343,0.1,GBA,3.0
1828,HDC-RF,11.897532292269133,0.01,GBA,4.0
1829,HDC-RF,2.1427124725126343,0.1,GBA,4.0
1830,HDC-RF,7.13851937536148,0.01,GBA,5.0
1831,HDC-RF,1.6665541452876047,0.1,GBA,5.0
1832,HDC-RF,9.518025833815308,0.01,GBA,6.0
1833,HDC-RF,1.9046333089001195,0.1,GBA,6.0
1834,HDC-RF,9.518025833815308,0.01,GBA,7.0
1835,HDC-RF,1.6665541452876047,0.1,GBA,7.0
1836,HDC-RF,7.13851937536148,0.01,GBA,8.0
1837,HDC-RF,1.9046333089001195,0.1,GBA,8.0
1838,HDC-RF,9.518025833815308,0.01,GBA,9.0
1839,HDC-RF,1.6665541452876047,0.1,GBA,9.0
1840,HDC-RF,0.0,0.01,ESR1_ago,0.0
1841,HDC-RF,3.3309523809523807,0.1,ESR1_ago,0.0
1842,HDC-RF,0.0,0.01,ESR1_ago,1.0
1843,HDC-RF,0.0,0.1,ESR1_ago,1.0
1844,HDC-RF,0.0,0.01,ESR1_ago,2.0
1845,HDC-RF,3.3309523809523807,0.1,ESR1_ago,2.0
1846,HDC-RF,0.0,0.01,ESR1_ago,3.0
1847,HDC-RF,3.3309523809523807,0.1,ESR1_ago,3.0
1848,HDC-RF,0.0,0.01,ESR1_ago,4.0
1849,HDC-RF,3.3309523809523807,0.1,ESR1_ago,4.0
1850,HDC-RF,33.30952380952381,0.01,ESR1_ago,5.0
1851,HDC-RF,3.3309523809523807,0.1,ESR1_ago,5.0
1852,HDC-RF,0.0,0.01,ESR1_ago,6.0
1853,HDC-RF,3.3309523809523807,0.1,ESR1_ago,6.0
1854,HDC-RF,0.0,0.01,ESR1_ago,7.0
1855,HDC-RF,3.3309523809523807,0.1,ESR1_ago,7.0
1856,HDC-RF,0.0,0.01,ESR1_ago,8.0
1857,HDC-RF,3.3309523809523807,0.1,ESR1_ago,8.0
1858,HDC-RF,0.0,0.01,ESR1_ago,9.0
1859,HDC-RF,3.3309523809523807,0.1,ESR1_ago,9.0
1860,HDC-RF,7.689545022878357,0.01,VDR,0.0
1861,HDC-RF,0.8597092022289653,0.1,VDR,0.0
1862,HDC-RF,8.14187120069473,0.01,VDR,1.0
1863,HDC-RF,0.950204907726751,0.1,VDR,1.0
1864,HDC-RF,7.237218845061983,0.01,VDR,2.0
1865,HDC-RF,0.9049570549778582,0.1,VDR,2.0
1866,HDC-RF,7.689545022878357,0.01,VDR,3.0
1867,HDC-RF,0.950204907726751,0.1,VDR,3.0
1868,HDC-RF,8.594197378511105,0.01,VDR,4.0
1869,HDC-RF,0.9954527604756439,0.1,VDR,4.0
1870,HDC-RF,7.237218845061983,0.01,VDR,5.0
1871,HDC-RF,0.9954527604756439,0.1,VDR,5.0
1872,HDC-RF,7.689545022878357,0.01,VDR,6.0
1873,HDC-RF,0.950204907726751,0.1,VDR,6.0
1874,HDC-RF,7.689545022878357,0.01,VDR,7.0
1875,HDC-RF,0.9954527604756439,0.1,VDR,7.0
1876,HDC-RF,7.689545022878357,0.01,VDR,8.0
1877,HDC-RF,0.950204907726751,0.1,VDR,8.0
1878,HDC-RF,8.14187120069473,0.01,VDR,9.0
1879,HDC-RF,0.9954527604756439,0.1,VDR,9.0
1880,HDC-RF,10.934330268271875,0.01,PKM2,0.0
1881,HDC-RF,1.5327968828604785,0.1,PKM2,0.0
1882,HDC-RF,9.476419565835624,0.01,PKM2,1.0
1883,HDC-RF,1.4598065551052175,0.1,PKM2,1.0
1884,HDC-RF,9.476419565835624,0.01,PKM2,2.0
1885,HDC-RF,1.6057872106157394,0.1,PKM2,2.0
1886,HDC-RF,9.476419565835624,0.01,PKM2,3.0
1887,HDC-RF,1.4598065551052175,0.1,PKM2,3.0
1888,HDC-RF,9.476419565835624,0.01,PKM2,4.0
1889,HDC-RF,1.6057872106157394,0.1,PKM2,4.0
1890,HDC-RF,9.476419565835624,0.01,PKM2,5.0
1891,HDC-RF,1.6057872106157394,0.1,PKM2,5.0
1892,HDC-RF,10.934330268271875,0.01,PKM2,6.0
1893,HDC-RF,1.4598065551052175,0.1,PKM2,6.0
1894,HDC-RF,8.018508863399374,0.01,PKM2,7.0
1895,HDC-RF,1.4598065551052175,0.1,PKM2,7.0
1896,HDC-RF,9.476419565835624,0.01,PKM2,8.0
1897,HDC-RF,1.4598065551052175,0.1,PKM2,8.0
1898,HDC-RF,8.7474642146175,0.01,PKM2,9.0
1899,HDC-RF,1.5327968828604785,0.1,PKM2,9.0
1900,HDC-RF,20.693736643103733,0.01,MAPK1,0.0
1901,HDC-RF,3.115893001534679,0.1,MAPK1,0.0
1902,HDC-RF,16.81366102252178,0.01,MAPK1,1.0
1903,HDC-RF,2.9860641264707337,0.1,MAPK1,1.0
1904,HDC-RF,20.693736643103733,0.01,MAPK1,2.0
1905,HDC-RF,3.3755507516625687,0.1,MAPK1,2.0
1906,HDC-RF,16.81366102252178,0.01,MAPK1,3.0
1907,HDC-RF,3.2457218765986235,0.1,MAPK1,3.0
1908,HDC-RF,16.81366102252178,0.01,MAPK1,4.0
1909,HDC-RF,3.505379626726514,0.1,MAPK1,4.0
1910,HDC-RF,16.81366102252178,0.01,MAPK1,5.0
1911,HDC-RF,2.8562352514067886,0.1,MAPK1,5.0
1912,HDC-RF,18.107019562715767,0.01,MAPK1,6.0
1913,HDC-RF,3.505379626726514,0.1,MAPK1,6.0
1914,HDC-RF,15.520302482327798,0.01,MAPK1,7.0
1915,HDC-RF,3.115893001534679,0.1,MAPK1,7.0
1916,HDC-RF,14.226943942133815,0.01,MAPK1,8.0
1917,HDC-RF,3.2457218765986235,0.1,MAPK1,8.0
1918,HDC-RF,18.107019562715767,0.01,MAPK1,9.0
1919,HDC-RF,2.9860641264707337,0.1,MAPK1,9.0
1920,HDC-RF,20.638947239863214,0.01,FEN1,0.0
1921,HDC-RF,2.5000843265122557,0.1,FEN1,0.0
1922,HDC-RF,20.638947239863214,0.01,FEN1,1.0
1923,HDC-RF,2.5000843265122557,0.1,FEN1,1.0
1924,HDC-RF,18.466426477772348,0.01,FEN1,2.0
1925,HDC-RF,2.391385007968245,0.1,FEN1,2.0
1926,HDC-RF,19.552686858817783,0.01,FEN1,3.0
1927,HDC-RF,2.5000843265122557,0.1,FEN1,3.0
1928,HDC-RF,20.638947239863214,0.01,FEN1,4.0
1929,HDC-RF,2.5000843265122557,0.1,FEN1,4.0
1930,HDC-RF,19.552686858817783,0.01,FEN1,5.0
1931,HDC-RF,2.5000843265122557,0.1,FEN1,5.0
1932,HDC-RF,17.380166096726917,0.01,FEN1,6.0
1933,HDC-RF,2.282685689424233,0.1,FEN1,6.0
1934,HDC-RF,21.725207620908648,0.01,FEN1,7.0
1935,HDC-RF,2.5000843265122557,0.1,FEN1,7.0
1936,HDC-RF,20.638947239863214,0.01,FEN1,8.0
1937,HDC-RF,2.391385007968245,0.1,FEN1,8.0
1938,HDC-RF,20.638947239863214,0.01,FEN1,9.0
1939,HDC-RF,2.6087836450562665,0.1,FEN1,9.0
1940,HDC-RF,53.469387755102034,0.01,PPARG,0.0
1941,HDC-RF,7.142857142857143,0.1,PPARG,0.0
1942,HDC-RF,66.83673469387755,0.01,PPARG,1.0
1943,HDC-RF,7.142857142857143,0.1,PPARG,1.0
1944,HDC-RF,66.83673469387755,0.01,PPARG,2.0
1945,HDC-RF,7.142857142857143,0.1,PPARG,2.0
1946,HDC-RF,53.469387755102034,0.01,PPARG,3.0
1947,HDC-RF,7.142857142857143,0.1,PPARG,3.0
1948,HDC-RF,53.469387755102034,0.01,PPARG,4.0
1949,HDC-RF,7.142857142857143,0.1,PPARG,4.0
1950,HDC-RF,53.469387755102034,0.01,PPARG,5.0
1951,HDC-RF,7.142857142857143,0.1,PPARG,5.0
1952,HDC-RF,53.469387755102034,0.01,PPARG,6.0
1953,HDC-RF,7.142857142857143,0.1,PPARG,6.0
1954,HDC-RF,53.469387755102034,0.01,PPARG,7.0
1955,HDC-RF,7.142857142857143,0.1,PPARG,7.0
1956,HDC-RF,53.469387755102034,0.01,PPARG,8.0
1957,HDC-RF,7.142857142857143,0.1,PPARG,8.0
1958,HDC-RF,53.469387755102034,0.01,PPARG,9.0
1959,HDC-RF,7.142857142857143,0.1,PPARG,9.0
1960,HDC-RF,16.602409638554214,0.01,MTORC1,0.0
1961,HDC-RF,3.332527206771463,0.1,MTORC1,0.0
1962,HDC-RF,16.602409638554214,0.01,MTORC1,1.0
1963,HDC-RF,3.332527206771463,0.1,MTORC1,1.0
1964,HDC-RF,16.602409638554214,0.01,MTORC1,2.0
1965,HDC-RF,2.499395405078597,0.1,MTORC1,2.0
1966,HDC-RF,20.753012048192772,0.01,MTORC1,3.0
1967,HDC-RF,4.165659008464329,0.1,MTORC1,3.0
1968,HDC-RF,16.602409638554214,0.01,MTORC1,4.0
1969,HDC-RF,3.7490931076178957,0.1,MTORC1,4.0
1970,HDC-RF,20.753012048192772,0.01,MTORC1,5.0
1971,HDC-RF,3.7490931076178957,0.1,MTORC1,5.0
1972,HDC-RF,16.602409638554214,0.01,MTORC1,6.0
1973,HDC-RF,4.165659008464329,0.1,MTORC1,6.0
1974,HDC-RF,16.602409638554214,0.01,MTORC1,7.0
1975,HDC-RF,2.91596130592503,0.1,MTORC1,7.0
1976,HDC-RF,16.602409638554214,0.01,MTORC1,8.0
1977,HDC-RF,3.332527206771463,0.1,MTORC1,8.0
1978,HDC-RF,20.753012048192772,0.01,MTORC1,9.0
1979,HDC-RF,3.7490931076178957,0.1,MTORC1,9.0
1980,HDC-RF,22.42011834319527,0.01,ESR1_ant,0.0
1981,HDC-RF,3.0842490842490844,0.1,ESR1_ant,0.0
1982,HDC-RF,22.42011834319527,0.01,ESR1_ant,1.0
1983,HDC-RF,3.0842490842490844,0.1,ESR1_ant,1.0
1984,HDC-RF,22.42011834319527,0.01,ESR1_ant,2.0
1985,HDC-RF,3.0842490842490844,0.1,ESR1_ant,2.0
1986,HDC-RF,22.42011834319527,0.01,ESR1_ant,3.0
1987,HDC-RF,3.0842490842490844,0.1,ESR1_ant,3.0
1988,HDC-RF,22.42011834319527,0.01,ESR1_ant,4.0
1989,HDC-RF,3.0842490842490844,0.1,ESR1_ant,4.0
1990,HDC-RF,22.42011834319527,0.01,ESR1_ant,5.0
1991,HDC-RF,3.0842490842490844,0.1,ESR1_ant,5.0
1992,HDC-RF,22.42011834319527,0.01,ESR1_ant,6.0
1993,HDC-RF,3.0842490842490844,0.1,ESR1_ant,6.0
1994,HDC-RF,22.42011834319527,0.01,ESR1_ant,7.0
1995,HDC-RF,3.0842490842490844,0.1,ESR1_ant,7.0
1996,HDC-RF,26.15680473372781,0.01,ESR1_ant,8.0
1997,HDC-RF,3.0842490842490844,0.1,ESR1_ant,8.0
1998,HDC-RF,22.42011834319527,0.01,ESR1_ant,9.0
1999,HDC-RF,3.0842490842490844,0.1,ESR1_ant,9.0
2000,HDC-RF,33.313580246913574,0.01,OPRK1,0.0
2001,HDC-RF,3.333333333333333,0.1,OPRK1,0.0
2002,HDC-RF,33.313580246913574,0.01,OPRK1,1.0
2003,HDC-RF,3.333333333333333,0.1,OPRK1,1.0
2004,HDC-RF,33.313580246913574,0.01,OPRK1,2.0
2005,HDC-RF,3.333333333333333,0.1,OPRK1,2.0
2006,HDC-RF,33.313580246913574,0.01,OPRK1,3.0
2007,HDC-RF,3.333333333333333,0.1,OPRK1,3.0
2008,HDC-RF,33.313580246913574,0.01,OPRK1,4.0
2009,HDC-RF,3.333333333333333,0.1,OPRK1,4.0
2010,HDC-RF,33.313580246913574,0.01,OPRK1,5.0
2011,HDC-RF,3.333333333333333,0.1,OPRK1,5.0
2012,HDC-RF,33.313580246913574,0.01,OPRK1,6.0
2013,HDC-RF,3.333333333333333,0.1,OPRK1,6.0
2014,HDC-RF,33.313580246913574,0.01,OPRK1,7.0
2015,HDC-RF,3.333333333333333,0.1,OPRK1,7.0
2016,HDC-RF,33.313580246913574,0.01,OPRK1,8.0
2017,HDC-RF,3.333333333333333,0.1,OPRK1,8.0
2018,HDC-RF,33.313580246913574,0.01,OPRK1,9.0
2019,HDC-RF,3.333333333333333,0.1,OPRK1,9.0
2020,HDC-RF,4.080977345066467,0.01,KAT2A,0.0
2021,HDC-RF,2.0407227003658446,0.1,KAT2A,0.0
2022,HDC-RF,6.121466017599701,0.01,KAT2A,1.0
2023,HDC-RF,2.244794970402429,0.1,KAT2A,1.0
2024,HDC-RF,4.080977345066467,0.01,KAT2A,2.0
2025,HDC-RF,2.0407227003658446,0.1,KAT2A,2.0
2026,HDC-RF,4.080977345066467,0.01,KAT2A,3.0
2027,HDC-RF,2.244794970402429,0.1,KAT2A,3.0
2028,HDC-RF,4.080977345066467,0.01,KAT2A,4.0
2029,HDC-RF,2.244794970402429,0.1,KAT2A,4.0
2030,HDC-RF,4.080977345066467,0.01,KAT2A,5.0
2031,HDC-RF,2.244794970402429,0.1,KAT2A,5.0
2032,HDC-RF,8.161954690132934,0.01,KAT2A,6.0
2033,HDC-RF,2.244794970402429,0.1,KAT2A,6.0
2034,HDC-RF,4.080977345066467,0.01,KAT2A,7.0
2035,HDC-RF,2.244794970402429,0.1,KAT2A,7.0
2036,HDC-RF,6.121466017599701,0.01,KAT2A,8.0
2037,HDC-RF,2.244794970402429,0.1,KAT2A,8.0
2038,HDC-RF,4.080977345066467,0.01,KAT2A,9.0
2039,HDC-RF,2.244794970402429,0.1,KAT2A,9.0
2040,HDC-RF,29.97417218543046,0.01,IDH1,0.0
2041,HDC-RF,4.0000883782589485,0.1,IDH1,0.0
2042,HDC-RF,29.97417218543046,0.01,IDH1,1.0
2043,HDC-RF,4.0000883782589485,0.1,IDH1,1.0
2044,HDC-RF,9.991390728476823,0.01,IDH1,2.0
2045,HDC-RF,4.0000883782589485,0.1,IDH1,2.0
2046,HDC-RF,19.982781456953646,0.01,IDH1,3.0
2047,HDC-RF,5.000110472823685,0.1,IDH1,3.0
2048,HDC-RF,9.991390728476823,0.01,IDH1,4.0
2049,HDC-RF,4.0000883782589485,0.1,IDH1,4.0
2050,HDC-RF,19.982781456953646,0.01,IDH1,5.0
2051,HDC-RF,4.0000883782589485,0.1,IDH1,5.0
2052,HDC-RF,9.991390728476823,0.01,IDH1,6.0
2053,HDC-RF,4.0000883782589485,0.1,IDH1,6.0
2054,HDC-RF,19.982781456953646,0.01,IDH1,7.0
2055,HDC-RF,4.0000883782589485,0.1,IDH1,7.0
2056,HDC-RF,19.982781456953646,0.01,IDH1,8.0
2057,HDC-RF,4.0000883782589485,0.1,IDH1,8.0
2058,HDC-RF,9.991390728476823,0.01,IDH1,9.0
2059,HDC-RF,4.0000883782589485,0.1,IDH1,9.0
2060,HDC-RF,43.445454545454545,0.01,TP53,0.0
2061,HDC-RF,5.009433962264151,0.1,TP53,0.0
2062,HDC-RF,43.445454545454545,0.01,TP53,1.0
2063,HDC-RF,5.009433962264151,0.1,TP53,1.0
2064,HDC-RF,38.618181818181824,0.01,TP53,2.0
2065,HDC-RF,5.009433962264151,0.1,TP53,2.0
2066,HDC-RF,48.27272727272727,0.01,TP53,3.0
2067,HDC-RF,5.009433962264151,0.1,TP53,3.0
2068,HDC-RF,43.445454545454545,0.01,TP53,4.0
2069,HDC-RF,5.009433962264151,0.1,TP53,4.0
2070,HDC-RF,43.445454545454545,0.01,TP53,5.0
2071,HDC-RF,5.009433962264151,0.1,TP53,5.0
2072,HDC-RF,43.445454545454545,0.01,TP53,6.0
2073,HDC-RF,5.009433962264151,0.1,TP53,6.0
2074,HDC-RF,43.445454545454545,0.01,TP53,7.0
2075,HDC-RF,5.009433962264151,0.1,TP53,7.0
2076,HDC-RF,43.445454545454545,0.01,TP53,8.0
2077,HDC-RF,5.009433962264151,0.1,TP53,8.0
2078,HDC-RF,43.445454545454545,0.01,TP53,9.0
2079,HDC-RF,5.009433962264151,0.1,TP53,9.0
2080,HDC-RF,0.0,0.01,ADRB2,0.0
2081,HDC-RF,0.0,0.1,ADRB2,0.0
2082,HDC-RF,0.0,0.01,ADRB2,1.0
2083,HDC-RF,0.0,0.1,ADRB2,1.0
2084,HDC-RF,0.0,0.01,ADRB2,2.0
2085,HDC-RF,0.0,0.1,ADRB2,2.0
2086,HDC-RF,0.0,0.01,ADRB2,3.0
2087,HDC-RF,0.0,0.1,ADRB2,3.0
2088,HDC-RF,0.0,0.01,ADRB2,4.0
2089,HDC-RF,0.0,0.1,ADRB2,4.0
2090,HDC-RF,0.0,0.01,ADRB2,5.0
2091,HDC-RF,0.0,0.1,ADRB2,5.0
2092,HDC-RF,0.0,0.01,ADRB2,6.0
2093,HDC-RF,0.0,0.1,ADRB2,6.0
2094,HDC-RF,0.0,0.01,ADRB2,7.0
2095,HDC-RF,0.0,0.1,ADRB2,7.0
2096,HDC-RF,0.0,0.01,ADRB2,8.0
2097,HDC-RF,0.0,0.1,ADRB2,8.0
2098,HDC-RF,0.0,0.01,ADRB2,9.0
2099,HDC-RF,0.0,0.1,ADRB2,9.0
0,Vina,0.0,0.1,ADRB2,
1,Vina,0.0,0.01,ADRB2,
2,Vina,1.593674070674988,0.1,ALDH1,
3,Vina,1.2696712783619257,0.01,ALDH1,
4,Vina,2.4921052631578946,0.1,ESR1_ago,
5,Vina,0.0,0.01,ESR1_ago,
6,Vina,1.3127646702964308,0.1,ESR1_ant,
7,Vina,7.614035087719298,0.01,ESR1_ant,
8,Vina,2.0790931235349683,0.1,FEN1,
9,Vina,0.9896072388695824,0.01,FEN1,
10,Vina,2.825938566552901,0.1,GBA,
11,Vina,4.346456692913385,0.01,GBA,
12,Vina,1.9999127304461657,0.1,IDH1,
13,Vina,0.0,0.01,IDH1,
14,Vina,0.7843137254901961,0.1,KAT2A,
15,Vina,0.0,0.01,KAT2A,
16,Vina,2.375,0.1,MAPK1,
17,Vina,1.246141975308642,0.01,MAPK1,
18,Vina,0.833031035872632,0.1,MTORC1,
19,Vina,0.0,0.01,MTORC1,
20,Vina,1.9999407846039974,0.1,OPRK1,
21,Vina,0.0,0.01,OPRK1,
22,Vina,1.8247289061964636,0.1,PKM2,
23,Vina,2.188966054850826,0.01,PKM2,
24,Vina,1.1104833647206527,0.1,PPARG,
25,Vina,0.0,0.01,PPARG,
26,Vina,1.5933793103448275,0.1,TP53,
27,Vina,0.0,0.01,TP53,
28,Vina,1.0526315789473684,0.1,VDR,
29,Vina,1.315071247988968,0.01,VDR,
0,Vina,0.0,0.1,ADRB2,
1,Vina,0.0,0.01,ADRB2,
2,Vina,1.593674070674988,0.1,ALDH1,
3,Vina,1.2696712783619257,0.01,ALDH1,
4,Vina,2.4921052631578946,0.1,ESR1_ago,
5,Vina,0.0,0.01,ESR1_ago,
6,Vina,1.3127646702964308,0.1,ESR1_ant,
7,Vina,7.614035087719298,0.01,ESR1_ant,
8,Vina,2.0790931235349683,0.1,FEN1,
9,Vina,0.9896072388695824,0.01,FEN1,
10,Vina,2.825938566552901,0.1,GBA,
11,Vina,4.346456692913385,0.01,GBA,
12,Vina,1.9999127304461657,0.1,IDH1,
13,Vina,0.0,0.01,IDH1,
14,Vina,0.7843137254901961,0.1,KAT2A,
15,Vina,0.0,0.01,KAT2A,
16,Vina,2.375,0.1,MAPK1,
17,Vina,1.246141975308642,0.01,MAPK1,
18,Vina,0.833031035872632,0.1,MTORC1,
19,Vina,0.0,0.01,MTORC1,
20,Vina,1.9999407846039974,0.1,OPRK1,
21,Vina,0.0,0.01,OPRK1,
22,Vina,1.8247289061964636,0.1,PKM2,
23,Vina,2.188966054850826,0.01,PKM2,
24,Vina,1.1104833647206527,0.1,PPARG,
25,Vina,0.0,0.01,PPARG,
26,Vina,1.5933793103448275,0.1,TP53,
27,Vina,0.0,0.01,TP53,
28,Vina,1.0526315789473684,0.1,VDR,
29,Vina,1.315071247988968,0.01,VDR,
